pid,elev,level,col,type,type_name,w_mm,h_mm,origin_x,origin_y,origin_z,rot,vision_igu_m2,spandrel_m2,louver_m2,door_glass_m2,frame_alu_kg,backpan_alu_kg,coping_alu_kg,insulation_m2,weight_kg,seq,install_date,stillage,truck,delivery_date
S-L1-01,S,L1,1,U1,首层标准单元,1580,4480,190.0,0.0,10.0,0,4.876,1.314,0.000,0.000,49.896,10.643,0.000,1.314,233.1,1,2026-11-02,ST-001,TR-001,2026-10-31
S-L1-02,S,L1,2,U1,首层标准单元,1580,4480,1790.0,0.0,10.0,0,4.876,1.314,0.000,0.000,49.896,10.643,0.000,1.314,233.1,2,2026-11-02,ST-001,TR-001,2026-10-31
S-L1-03,S,L1,3,U1,首层标准单元,1580,4480,3390.0,0.0,10.0,0,4.876,1.314,0.000,0.000,49.896,10.643,0.000,1.314,233.1,3,2026-11-02,ST-001,TR-001,2026-10-31
S-L1-04,S,L1,4,U1,首层标准单元,1580,4480,4990.0,0.0,10.0,0,4.876,1.314,0.000,0.000,49.896,10.643,0.000,1.314,233.1,4,2026-11-02,ST-001,TR-001,2026-10-31
S-L1-05,S,L1,5,U1,首层标准单元,1580,4480,6590.0,0.0,10.0,0,4.876,1.314,0.000,0.000,49.896,10.643,0.000,1.314,233.1,5,2026-11-02,ST-002,TR-001,2026-10-31
S-L1-06,S,L1,6,U1,首层标准单元,1580,4480,8190.0,0.0,10.0,0,4.876,1.314,0.000,0.000,49.896,10.643,0.000,1.314,233.1,6,2026-11-02,ST-002,TR-001,2026-10-31
S-L1-07,S,L1,7,U1,首层标准单元,1580,4480,9790.0,0.0,10.0,0,4.876,1.314,0.000,0.000,49.896,10.643,0.000,1.314,233.1,7,2026-11-02,ST-002,TR-001,2026-10-31
S-L1-08,S,L1,8,U1,首层标准单元,1580,4480,11390.0,0.0,10.0,0,4.876,1.314,0.000,0.000,49.896,10.643,0.000,1.314,233.1,8,2026-11-02,ST-002,TR-001,2026-10-31
S-L1-09,S,L1,9,U1,首层标准单元,1580,4480,12990.0,0.0,10.0,0,4.876,1.314,0.000,0.000,49.896,10.643,0.000,1.314,233.1,9,2026-11-02,ST-003,TR-001,2026-10-31
S-L1-10,S,L1,10,U1,首层标准单元,1580,4480,14590.0,0.0,10.0,0,4.876,1.314,0.000,0.000,49.896,10.643,0.000,1.314,233.1,10,2026-11-02,ST-003,TR-001,2026-10-31
S-L1-11,S,L1,11,U1,首层标准单元,1580,4480,16190.0,0.0,10.0,0,4.876,1.314,0.000,0.000,49.896,10.643,0.000,1.314,233.1,11,2026-11-02,ST-003,TR-001,2026-10-31
S-L1-12,S,L1,12,U1,首层标准单元,1580,4480,17790.0,0.0,10.0,0,4.876,1.314,0.000,0.000,49.896,10.643,0.000,1.314,233.1,12,2026-11-02,ST-003,TR-001,2026-10-31
S-L1-13,S,L1,13,U1,首层标准单元,1580,4480,19390.0,0.0,10.0,0,4.876,1.314,0.000,0.000,49.896,10.643,0.000,1.314,233.1,13,2026-11-02,ST-004,TR-002,2026-10-31
S-L1-14,S,L1,14,U1,首层标准单元,1580,4480,20990.0,0.0,10.0,0,4.876,1.314,0.000,0.000,49.896,10.643,0.000,1.314,233.1,14,2026-11-03,ST-004,TR-002,2026-10-31
S-L1-15,S,L1,15,U4,首层入口门单元,1580,4480,22590.0,0.0,10.0,0,1.256,1.314,0.000,3.504,53.984,10.643,0.000,1.314,258.7,15,2026-11-03,ST-005,TR-002,2026-10-31
S-L1-16,S,L1,16,U4,首层入口门单元,1580,4480,24190.0,0.0,10.0,0,1.256,1.314,0.000,3.504,53.984,10.643,0.000,1.314,258.7,16,2026-11-03,ST-005,TR-002,2026-10-31
S-L1-17,S,L1,17,U1,首层标准单元,1580,4480,25790.0,0.0,10.0,0,4.876,1.314,0.000,0.000,49.896,10.643,0.000,1.314,233.1,17,2026-11-03,ST-006,TR-002,2026-10-31
S-L1-18,S,L1,18,U1,首层标准单元,1580,4480,27390.0,0.0,10.0,0,4.876,1.314,0.000,0.000,49.896,10.643,0.000,1.314,233.1,18,2026-11-03,ST-006,TR-002,2026-10-31
S-L1-19,S,L1,19,U1,首层标准单元,1580,4480,28990.0,0.0,10.0,0,4.876,1.314,0.000,0.000,49.896,10.643,0.000,1.314,233.1,19,2026-11-03,ST-006,TR-002,2026-10-31
S-L1-20,S,L1,20,U1,首层标准单元,1580,4480,30590.0,0.0,10.0,0,4.876,1.314,0.000,0.000,49.896,10.643,0.000,1.314,233.1,20,2026-11-03,ST-006,TR-002,2026-10-31
S-L1-21,S,L1,21,U1,首层标准单元,1580,4480,32190.0,0.0,10.0,0,4.876,1.314,0.000,0.000,49.896,10.643,0.000,1.314,233.1,21,2026-11-03,ST-007,TR-003,2026-11-02
S-L1-22,S,L1,22,U1,首层标准单元,1580,4480,33790.0,0.0,10.0,0,4.876,1.314,0.000,0.000,49.896,10.643,0.000,1.314,233.1,22,2026-11-03,ST-007,TR-003,2026-11-02
S-L1-23,S,L1,23,U1,首层标准单元,1580,4480,35390.0,0.0,10.0,0,4.876,1.314,0.000,0.000,49.896,10.643,0.000,1.314,233.1,23,2026-11-03,ST-007,TR-003,2026-11-02
S-L1-24,S,L1,24,U1,首层标准单元,1580,4480,36990.0,0.0,10.0,0,4.876,1.314,0.000,0.000,49.896,10.643,0.000,1.314,233.1,24,2026-11-04,ST-007,TR-003,2026-11-02
S-L1-25,S,L1,25,U1,首层标准单元,1580,4480,38590.0,0.0,10.0,0,4.876,1.314,0.000,0.000,49.896,10.643,0.000,1.314,233.1,25,2026-11-04,ST-008,TR-003,2026-11-02
S-L1-26,S,L1,26,U1,首层标准单元,1580,4480,40190.0,0.0,10.0,0,4.876,1.314,0.000,0.000,49.896,10.643,0.000,1.314,233.1,26,2026-11-04,ST-008,TR-003,2026-11-02
S-L1-27,S,L1,27,U1,首层标准单元,1580,4480,41790.0,0.0,10.0,0,4.876,1.314,0.000,0.000,49.896,10.643,0.000,1.314,233.1,27,2026-11-04,ST-008,TR-003,2026-11-02
S-L1-28,S,L1,28,U1,首层标准单元,1580,4480,43390.0,0.0,10.0,0,4.876,1.314,0.000,0.000,49.896,10.643,0.000,1.314,233.1,28,2026-11-04,ST-008,TR-003,2026-11-02
S-L1-29,S,L1,29,U1,首层标准单元,1580,4480,44990.0,0.0,10.0,0,4.876,1.314,0.000,0.000,49.896,10.643,0.000,1.314,233.1,29,2026-11-04,ST-009,TR-003,2026-11-02
S-L1-30,S,L1,30,U1,首层标准单元,1580,4480,46590.0,0.0,10.0,0,4.876,1.314,0.000,0.000,49.896,10.643,0.000,1.314,233.1,30,2026-11-04,ST-009,TR-003,2026-11-02
E-L1-01,E,L1,1,U1,首层标准单元,1580,4480,48360.0,190.0,10.0,90,4.876,1.314,0.000,0.000,49.896,10.643,0.000,1.314,233.1,31,2026-11-04,ST-009,TR-003,2026-11-02
E-L1-02,E,L1,2,U1,首层标准单元,1580,4480,48360.0,1790.0,10.0,90,4.876,1.314,0.000,0.000,49.896,10.643,0.000,1.314,233.1,32,2026-11-04,ST-009,TR-003,2026-11-02
E-L1-03,E,L1,3,U1,首层标准单元,1580,4480,48360.0,3390.0,10.0,90,4.876,1.314,0.000,0.000,49.896,10.643,0.000,1.314,233.1,33,2026-11-04,ST-010,TR-004,2026-11-03
E-L1-04,E,L1,4,U1,首层标准单元,1580,4480,48360.0,4990.0,10.0,90,4.876,1.314,0.000,0.000,49.896,10.643,0.000,1.314,233.1,34,2026-11-04,ST-010,TR-004,2026-11-03
E-L1-05,E,L1,5,U1,首层标准单元,1580,4480,48360.0,6590.0,10.0,90,4.876,1.314,0.000,0.000,49.896,10.643,0.000,1.314,233.1,35,2026-11-04,ST-010,TR-004,2026-11-03
E-L1-06,E,L1,6,U1,首层标准单元,1580,4480,48360.0,8190.0,10.0,90,4.876,1.314,0.000,0.000,49.896,10.643,0.000,1.314,233.1,36,2026-11-04,ST-010,TR-004,2026-11-03
E-L1-07,E,L1,7,U1,首层标准单元,1580,4480,48360.0,9790.0,10.0,90,4.876,1.314,0.000,0.000,49.896,10.643,0.000,1.314,233.1,37,2026-11-05,ST-011,TR-004,2026-11-03
E-L1-08,E,L1,8,U1,首层标准单元,1580,4480,48360.0,11390.0,10.0,90,4.876,1.314,0.000,0.000,49.896,10.643,0.000,1.314,233.1,38,2026-11-05,ST-011,TR-004,2026-11-03
E-L1-09,E,L1,9,U1,首层标准单元,1580,4480,48360.0,12990.0,10.0,90,4.876,1.314,0.000,0.000,49.896,10.643,0.000,1.314,233.1,39,2026-11-05,ST-011,TR-004,2026-11-03
E-L1-10,E,L1,10,U1,首层标准单元,1580,4480,48360.0,14590.0,10.0,90,4.876,1.314,0.000,0.000,49.896,10.643,0.000,1.314,233.1,40,2026-11-05,ST-011,TR-004,2026-11-03
E-L1-11,E,L1,11,U1,首层标准单元,1580,4480,48360.0,16190.0,10.0,90,4.876,1.314,0.000,0.000,49.896,10.643,0.000,1.314,233.1,41,2026-11-05,ST-012,TR-004,2026-11-03
E-L1-12,E,L1,12,U1,首层标准单元,1580,4480,48360.0,17790.0,10.0,90,4.876,1.314,0.000,0.000,49.896,10.643,0.000,1.314,233.1,42,2026-11-05,ST-012,TR-004,2026-11-03
E-L1-13,E,L1,13,U1,首层标准单元,1580,4480,48360.0,19390.0,10.0,90,4.876,1.314,0.000,0.000,49.896,10.643,0.000,1.314,233.1,43,2026-11-05,ST-012,TR-004,2026-11-03
E-L1-14,E,L1,14,U1,首层标准单元,1580,4480,48360.0,20990.0,10.0,90,4.876,1.314,0.000,0.000,49.896,10.643,0.000,1.314,233.1,44,2026-11-05,ST-012,TR-004,2026-11-03
E-L1-15,E,L1,15,U1,首层标准单元,1580,4480,48360.0,22590.0,10.0,90,4.876,1.314,0.000,0.000,49.896,10.643,0.000,1.314,233.1,45,2026-11-05,ST-013,TR-005,2026-11-04
N-L1-01,N,L1,1,U1,首层标准单元,1580,4480,48170.0,24360.0,10.0,180,4.876,1.314,0.000,0.000,49.896,10.643,0.000,1.314,233.1,46,2026-11-05,ST-013,TR-005,2026-11-04
N-L1-02,N,L1,2,U1,首层标准单元,1580,4480,46570.0,24360.0,10.0,180,4.876,1.314,0.000,0.000,49.896,10.643,0.000,1.314,233.1,47,2026-11-05,ST-013,TR-005,2026-11-04
N-L1-03,N,L1,3,U1,首层标准单元,1580,4480,44970.0,24360.0,10.0,180,4.876,1.314,0.000,0.000,49.896,10.643,0.000,1.314,233.1,48,2026-11-05,ST-013,TR-005,2026-11-04
N-L1-04,N,L1,4,U1,首层标准单元,1580,4480,43370.0,24360.0,10.0,180,4.876,1.314,0.000,0.000,49.896,10.643,0.000,1.314,233.1,49,2026-11-05,ST-014,TR-005,2026-11-04
N-L1-05,N,L1,5,U1,首层标准单元,1580,4480,41770.0,24360.0,10.0,180,4.876,1.314,0.000,0.000,49.896,10.643,0.000,1.314,233.1,50,2026-11-06,ST-014,TR-005,2026-11-04
N-L1-06,N,L1,6,U1,首层标准单元,1580,4480,40170.0,24360.0,10.0,180,4.876,1.314,0.000,0.000,49.896,10.643,0.000,1.314,233.1,51,2026-11-06,ST-014,TR-005,2026-11-04
N-L1-07,N,L1,7,U1,首层标准单元,1580,4480,38570.0,24360.0,10.0,180,4.876,1.314,0.000,0.000,49.896,10.643,0.000,1.314,233.1,52,2026-11-06,ST-014,TR-005,2026-11-04
N-L1-08,N,L1,8,U1,首层标准单元,1580,4480,36970.0,24360.0,10.0,180,4.876,1.314,0.000,0.000,49.896,10.643,0.000,1.314,233.1,53,2026-11-06,ST-015,TR-005,2026-11-04
N-L1-09,N,L1,9,U1,首层标准单元,1580,4480,35370.0,24360.0,10.0,180,4.876,1.314,0.000,0.000,49.896,10.643,0.000,1.314,233.1,54,2026-11-06,ST-015,TR-005,2026-11-04
N-L1-10,N,L1,10,U1,首层标准单元,1580,4480,33770.0,24360.0,10.0,180,4.876,1.314,0.000,0.000,49.896,10.643,0.000,1.314,233.1,55,2026-11-06,ST-015,TR-005,2026-11-04
N-L1-11,N,L1,11,U1,首层标准单元,1580,4480,32170.0,24360.0,10.0,180,4.876,1.314,0.000,0.000,49.896,10.643,0.000,1.314,233.1,56,2026-11-06,ST-015,TR-005,2026-11-04
N-L1-12,N,L1,12,U1,首层标准单元,1580,4480,30570.0,24360.0,10.0,180,4.876,1.314,0.000,0.000,49.896,10.643,0.000,1.314,233.1,57,2026-11-06,ST-016,TR-006,2026-11-05
N-L1-13,N,L1,13,U1,首层标准单元,1580,4480,28970.0,24360.0,10.0,180,4.876,1.314,0.000,0.000,49.896,10.643,0.000,1.314,233.1,58,2026-11-06,ST-016,TR-006,2026-11-05
N-L1-14,N,L1,14,U1,首层标准单元,1580,4480,27370.0,24360.0,10.0,180,4.876,1.314,0.000,0.000,49.896,10.643,0.000,1.314,233.1,59,2026-11-06,ST-016,TR-006,2026-11-05
N-L1-15,N,L1,15,U1,首层标准单元,1580,4480,25770.0,24360.0,10.0,180,4.876,1.314,0.000,0.000,49.896,10.643,0.000,1.314,233.1,60,2026-11-06,ST-016,TR-006,2026-11-05
N-L1-16,N,L1,16,U1,首层标准单元,1580,4480,24170.0,24360.0,10.0,180,4.876,1.314,0.000,0.000,49.896,10.643,0.000,1.314,233.1,61,2026-11-06,ST-017,TR-006,2026-11-05
N-L1-17,N,L1,17,U1,首层标准单元,1580,4480,22570.0,24360.0,10.0,180,4.876,1.314,0.000,0.000,49.896,10.643,0.000,1.314,233.1,62,2026-11-06,ST-017,TR-006,2026-11-05
N-L1-18,N,L1,18,U1,首层标准单元,1580,4480,20970.0,24360.0,10.0,180,4.876,1.314,0.000,0.000,49.896,10.643,0.000,1.314,233.1,63,2026-11-07,ST-017,TR-006,2026-11-05
N-L1-19,N,L1,19,U1,首层标准单元,1580,4480,19370.0,24360.0,10.0,180,4.876,1.314,0.000,0.000,49.896,10.643,0.000,1.314,233.1,64,2026-11-07,ST-017,TR-006,2026-11-05
N-L1-20,N,L1,20,U1,首层标准单元,1580,4480,17770.0,24360.0,10.0,180,4.876,1.314,0.000,0.000,49.896,10.643,0.000,1.314,233.1,65,2026-11-07,ST-018,TR-006,2026-11-05
N-L1-21,N,L1,21,U1,首层标准单元,1580,4480,16170.0,24360.0,10.0,180,4.876,1.314,0.000,0.000,49.896,10.643,0.000,1.314,233.1,66,2026-11-07,ST-018,TR-006,2026-11-05
N-L1-22,N,L1,22,U1,首层标准单元,1580,4480,14570.0,24360.0,10.0,180,4.876,1.314,0.000,0.000,49.896,10.643,0.000,1.314,233.1,67,2026-11-07,ST-018,TR-006,2026-11-05
N-L1-23,N,L1,23,U1,首层标准单元,1580,4480,12970.0,24360.0,10.0,180,4.876,1.314,0.000,0.000,49.896,10.643,0.000,1.314,233.1,68,2026-11-07,ST-018,TR-006,2026-11-05
N-L1-24,N,L1,24,U1,首层标准单元,1580,4480,11370.0,24360.0,10.0,180,4.876,1.314,0.000,0.000,49.896,10.643,0.000,1.314,233.1,69,2026-11-07,ST-019,TR-007,2026-11-06
N-L1-25,N,L1,25,U1,首层标准单元,1580,4480,9770.0,24360.0,10.0,180,4.876,1.314,0.000,0.000,49.896,10.643,0.000,1.314,233.1,70,2026-11-07,ST-019,TR-007,2026-11-06
N-L1-26,N,L1,26,U1,首层标准单元,1580,4480,8170.0,24360.0,10.0,180,4.876,1.314,0.000,0.000,49.896,10.643,0.000,1.314,233.1,71,2026-11-07,ST-019,TR-007,2026-11-06
N-L1-27,N,L1,27,U1,首层标准单元,1580,4480,6570.0,24360.0,10.0,180,4.876,1.314,0.000,0.000,49.896,10.643,0.000,1.314,233.1,72,2026-11-07,ST-019,TR-007,2026-11-06
N-L1-28,N,L1,28,U1,首层标准单元,1580,4480,4970.0,24360.0,10.0,180,4.876,1.314,0.000,0.000,49.896,10.643,0.000,1.314,233.1,73,2026-11-07,ST-020,TR-007,2026-11-06
N-L1-29,N,L1,29,U1,首层标准单元,1580,4480,3370.0,24360.0,10.0,180,4.876,1.314,0.000,0.000,49.896,10.643,0.000,1.314,233.1,74,2026-11-07,ST-020,TR-007,2026-11-06
N-L1-30,N,L1,30,U1,首层标准单元,1580,4480,1770.0,24360.0,10.0,180,4.876,1.314,0.000,0.000,49.896,10.643,0.000,1.314,233.1,75,2026-11-07,ST-020,TR-007,2026-11-06
W-L1-01,W,L1,1,U1,首层标准单元,1580,4480,0.0,24170.0,10.0,270,4.876,1.314,0.000,0.000,49.896,10.643,0.000,1.314,233.1,76,2026-11-09,ST-020,TR-007,2026-11-06
W-L1-02,W,L1,2,U1,首层标准单元,1580,4480,0.0,22570.0,10.0,270,4.876,1.314,0.000,0.000,49.896,10.643,0.000,1.314,233.1,77,2026-11-09,ST-021,TR-007,2026-11-06
W-L1-03,W,L1,3,U1,首层标准单元,1580,4480,0.0,20970.0,10.0,270,4.876,1.314,0.000,0.000,49.896,10.643,0.000,1.314,233.1,78,2026-11-09,ST-021,TR-007,2026-11-06
W-L1-04,W,L1,4,U1,首层标准单元,1580,4480,0.0,19370.0,10.0,270,4.876,1.314,0.000,0.000,49.896,10.643,0.000,1.314,233.1,79,2026-11-09,ST-021,TR-007,2026-11-06
W-L1-05,W,L1,5,U1,首层标准单元,1580,4480,0.0,17770.0,10.0,270,4.876,1.314,0.000,0.000,49.896,10.643,0.000,1.314,233.1,80,2026-11-09,ST-021,TR-007,2026-11-06
W-L1-06,W,L1,6,U1,首层标准单元,1580,4480,0.0,16170.0,10.0,270,4.876,1.314,0.000,0.000,49.896,10.643,0.000,1.314,233.1,81,2026-11-09,ST-022,TR-008,2026-11-07
W-L1-07,W,L1,7,U1,首层标准单元,1580,4480,0.0,14570.0,10.0,270,4.876,1.314,0.000,0.000,49.896,10.643,0.000,1.314,233.1,82,2026-11-09,ST-022,TR-008,2026-11-07
W-L1-08,W,L1,8,U1,首层标准单元,1580,4480,0.0,12970.0,10.0,270,4.876,1.314,0.000,0.000,49.896,10.643,0.000,1.314,233.1,83,2026-11-09,ST-022,TR-008,2026-11-07
W-L1-09,W,L1,9,U1,首层标准单元,1580,4480,0.0,11370.0,10.0,270,4.876,1.314,0.000,0.000,49.896,10.643,0.000,1.314,233.1,84,2026-11-09,ST-022,TR-008,2026-11-07
W-L1-10,W,L1,10,U1,首层标准单元,1580,4480,0.0,9770.0,10.0,270,4.876,1.314,0.000,0.000,49.896,10.643,0.000,1.314,233.1,85,2026-11-09,ST-023,TR-008,2026-11-07
W-L1-11,W,L1,11,U1,首层标准单元,1580,4480,0.0,8170.0,10.0,270,4.876,1.314,0.000,0.000,49.896,10.643,0.000,1.314,233.1,86,2026-11-09,ST-023,TR-008,2026-11-07
W-L1-12,W,L1,12,U1,首层标准单元,1580,4480,0.0,6570.0,10.0,270,4.876,1.314,0.000,0.000,49.896,10.643,0.000,1.314,233.1,87,2026-11-09,ST-023,TR-008,2026-11-07
W-L1-13,W,L1,13,U1,首层标准单元,1580,4480,0.0,4970.0,10.0,270,4.876,1.314,0.000,0.000,49.896,10.643,0.000,1.314,233.1,88,2026-11-09,ST-023,TR-008,2026-11-07
W-L1-14,W,L1,14,U1,首层标准单元,1580,4480,0.0,3370.0,10.0,270,4.876,1.314,0.000,0.000,49.896,10.643,0.000,1.314,233.1,89,2026-11-10,ST-024,TR-008,2026-11-07
W-L1-15,W,L1,15,U1,首层标准单元,1580,4480,0.0,1770.0,10.0,270,4.876,1.314,0.000,0.000,49.896,10.643,0.000,1.314,233.1,90,2026-11-10,ST-024,TR-008,2026-11-07
S-L2-01,S,L2,1,U2,标准层单元,1580,3880,190.0,0.0,4510.0,0,4.000,1.314,0.000,0.000,44.856,10.643,0.000,1.314,201.8,91,2026-11-10,ST-025,TR-009,2026-11-09
S-L2-02,S,L2,2,U2,标准层单元,1580,3880,1790.0,0.0,4510.0,0,4.000,1.314,0.000,0.000,44.856,10.643,0.000,1.314,201.8,92,2026-11-10,ST-025,TR-009,2026-11-09
S-L2-03,S,L2,3,U2,标准层单元,1580,3880,3390.0,0.0,4510.0,0,4.000,1.314,0.000,0.000,44.856,10.643,0.000,1.314,201.8,93,2026-11-10,ST-025,TR-009,2026-11-09
S-L2-04,S,L2,4,U2,标准层单元,1580,3880,4990.0,0.0,4510.0,0,4.000,1.314,0.000,0.000,44.856,10.643,0.000,1.314,201.8,94,2026-11-10,ST-025,TR-009,2026-11-09
S-L2-05,S,L2,5,U2,标准层单元,1580,3880,6590.0,0.0,4510.0,0,4.000,1.314,0.000,0.000,44.856,10.643,0.000,1.314,201.8,95,2026-11-10,ST-025,TR-009,2026-11-09
S-L2-06,S,L2,6,U2,标准层单元,1580,3880,8190.0,0.0,4510.0,0,4.000,1.314,0.000,0.000,44.856,10.643,0.000,1.314,201.8,96,2026-11-10,ST-025,TR-009,2026-11-09
S-L2-07,S,L2,7,U2,标准层单元,1580,3880,9790.0,0.0,4510.0,0,4.000,1.314,0.000,0.000,44.856,10.643,0.000,1.314,201.8,97,2026-11-10,ST-026,TR-009,2026-11-09
S-L2-08,S,L2,8,U2,标准层单元,1580,3880,11390.0,0.0,4510.0,0,4.000,1.314,0.000,0.000,44.856,10.643,0.000,1.314,201.8,98,2026-11-10,ST-026,TR-009,2026-11-09
S-L2-09,S,L2,9,U2,标准层单元,1580,3880,12990.0,0.0,4510.0,0,4.000,1.314,0.000,0.000,44.856,10.643,0.000,1.314,201.8,99,2026-11-10,ST-026,TR-009,2026-11-09
S-L2-10,S,L2,10,U2,标准层单元,1580,3880,14590.0,0.0,4510.0,0,4.000,1.314,0.000,0.000,44.856,10.643,0.000,1.314,201.8,100,2026-11-10,ST-026,TR-009,2026-11-09
S-L2-11,S,L2,11,U2,标准层单元,1580,3880,16190.0,0.0,4510.0,0,4.000,1.314,0.000,0.000,44.856,10.643,0.000,1.314,201.8,101,2026-11-10,ST-026,TR-009,2026-11-09
S-L2-12,S,L2,12,U2,标准层单元,1580,3880,17790.0,0.0,4510.0,0,4.000,1.314,0.000,0.000,44.856,10.643,0.000,1.314,201.8,102,2026-11-10,ST-026,TR-009,2026-11-09
S-L2-13,S,L2,13,U2,标准层单元,1580,3880,19390.0,0.0,4510.0,0,4.000,1.314,0.000,0.000,44.856,10.643,0.000,1.314,201.8,103,2026-11-10,ST-027,TR-009,2026-11-09
S-L2-14,S,L2,14,U2,标准层单元,1580,3880,20990.0,0.0,4510.0,0,4.000,1.314,0.000,0.000,44.856,10.643,0.000,1.314,201.8,104,2026-11-10,ST-027,TR-009,2026-11-09
S-L2-15,S,L2,15,U2,标准层单元,1580,3880,22590.0,0.0,4510.0,0,4.000,1.314,0.000,0.000,44.856,10.643,0.000,1.314,201.8,105,2026-11-10,ST-027,TR-009,2026-11-09
S-L2-16,S,L2,16,U2,标准层单元,1580,3880,24190.0,0.0,4510.0,0,4.000,1.314,0.000,0.000,44.856,10.643,0.000,1.314,201.8,106,2026-11-10,ST-027,TR-009,2026-11-09
S-L2-17,S,L2,17,U2,标准层单元,1580,3880,25790.0,0.0,4510.0,0,4.000,1.314,0.000,0.000,44.856,10.643,0.000,1.314,201.8,107,2026-11-10,ST-027,TR-009,2026-11-09
S-L2-18,S,L2,18,U2,标准层单元,1580,3880,27390.0,0.0,4510.0,0,4.000,1.314,0.000,0.000,44.856,10.643,0.000,1.314,201.8,108,2026-11-11,ST-027,TR-009,2026-11-09
S-L2-19,S,L2,19,U2,标准层单元,1580,3880,28990.0,0.0,4510.0,0,4.000,1.314,0.000,0.000,44.856,10.643,0.000,1.314,201.8,109,2026-11-11,ST-028,TR-010,2026-11-10
S-L2-20,S,L2,20,U2,标准层单元,1580,3880,30590.0,0.0,4510.0,0,4.000,1.314,0.000,0.000,44.856,10.643,0.000,1.314,201.8,110,2026-11-11,ST-028,TR-010,2026-11-10
S-L2-21,S,L2,21,U2,标准层单元,1580,3880,32190.0,0.0,4510.0,0,4.000,1.314,0.000,0.000,44.856,10.643,0.000,1.314,201.8,111,2026-11-11,ST-028,TR-010,2026-11-10
S-L2-22,S,L2,22,U2,标准层单元,1580,3880,33790.0,0.0,4510.0,0,4.000,1.314,0.000,0.000,44.856,10.643,0.000,1.314,201.8,112,2026-11-11,ST-028,TR-010,2026-11-10
S-L2-23,S,L2,23,U2,标准层单元,1580,3880,35390.0,0.0,4510.0,0,4.000,1.314,0.000,0.000,44.856,10.643,0.000,1.314,201.8,113,2026-11-11,ST-028,TR-010,2026-11-10
S-L2-24,S,L2,24,U2,标准层单元,1580,3880,36990.0,0.0,4510.0,0,4.000,1.314,0.000,0.000,44.856,10.643,0.000,1.314,201.8,114,2026-11-11,ST-028,TR-010,2026-11-10
S-L2-25,S,L2,25,U2,标准层单元,1580,3880,38590.0,0.0,4510.0,0,4.000,1.314,0.000,0.000,44.856,10.643,0.000,1.314,201.8,115,2026-11-11,ST-029,TR-010,2026-11-10
S-L2-26,S,L2,26,U2,标准层单元,1580,3880,40190.0,0.0,4510.0,0,4.000,1.314,0.000,0.000,44.856,10.643,0.000,1.314,201.8,116,2026-11-11,ST-029,TR-010,2026-11-10
S-L2-27,S,L2,27,U2,标准层单元,1580,3880,41790.0,0.0,4510.0,0,4.000,1.314,0.000,0.000,44.856,10.643,0.000,1.314,201.8,117,2026-11-11,ST-029,TR-010,2026-11-10
S-L2-28,S,L2,28,U2,标准层单元,1580,3880,43390.0,0.0,4510.0,0,4.000,1.314,0.000,0.000,44.856,10.643,0.000,1.314,201.8,118,2026-11-11,ST-029,TR-010,2026-11-10
S-L2-29,S,L2,29,U2,标准层单元,1580,3880,44990.0,0.0,4510.0,0,4.000,1.314,0.000,0.000,44.856,10.643,0.000,1.314,201.8,119,2026-11-11,ST-029,TR-010,2026-11-10
S-L2-30,S,L2,30,U2,标准层单元,1580,3880,46590.0,0.0,4510.0,0,4.000,1.314,0.000,0.000,44.856,10.643,0.000,1.314,201.8,120,2026-11-11,ST-029,TR-010,2026-11-10
E-L2-01,E,L2,1,U2,标准层单元,1580,3880,48360.0,190.0,4510.0,90,4.000,1.314,0.000,0.000,44.856,10.643,0.000,1.314,201.8,121,2026-11-11,ST-030,TR-010,2026-11-10
E-L2-02,E,L2,2,U2,标准层单元,1580,3880,48360.0,1790.0,4510.0,90,4.000,1.314,0.000,0.000,44.856,10.643,0.000,1.314,201.8,122,2026-11-11,ST-030,TR-010,2026-11-10
E-L2-03,E,L2,3,U2,标准层单元,1580,3880,48360.0,3390.0,4510.0,90,4.000,1.314,0.000,0.000,44.856,10.643,0.000,1.314,201.8,123,2026-11-11,ST-030,TR-010,2026-11-10
E-L2-04,E,L2,4,U2,标准层单元,1580,3880,48360.0,4990.0,4510.0,90,4.000,1.314,0.000,0.000,44.856,10.643,0.000,1.314,201.8,124,2026-11-11,ST-030,TR-010,2026-11-10
E-L2-05,E,L2,5,U2,标准层单元,1580,3880,48360.0,6590.0,4510.0,90,4.000,1.314,0.000,0.000,44.856,10.643,0.000,1.314,201.8,125,2026-11-11,ST-030,TR-010,2026-11-10
E-L2-06,E,L2,6,U2,标准层单元,1580,3880,48360.0,8190.0,4510.0,90,4.000,1.314,0.000,0.000,44.856,10.643,0.000,1.314,201.8,126,2026-11-11,ST-030,TR-010,2026-11-10
E-L2-07,E,L2,7,U2,标准层单元,1580,3880,48360.0,9790.0,4510.0,90,4.000,1.314,0.000,0.000,44.856,10.643,0.000,1.314,201.8,127,2026-11-11,ST-031,TR-011,2026-11-10
E-L2-08,E,L2,8,U2,标准层单元,1580,3880,48360.0,11390.0,4510.0,90,4.000,1.314,0.000,0.000,44.856,10.643,0.000,1.314,201.8,128,2026-11-12,ST-031,TR-011,2026-11-10
E-L2-09,E,L2,9,U2,标准层单元,1580,3880,48360.0,12990.0,4510.0,90,4.000,1.314,0.000,0.000,44.856,10.643,0.000,1.314,201.8,129,2026-11-12,ST-031,TR-011,2026-11-10
E-L2-10,E,L2,10,U2,标准层单元,1580,3880,48360.0,14590.0,4510.0,90,4.000,1.314,0.000,0.000,44.856,10.643,0.000,1.314,201.8,130,2026-11-12,ST-031,TR-011,2026-11-10
E-L2-11,E,L2,11,U2,标准层单元,1580,3880,48360.0,16190.0,4510.0,90,4.000,1.314,0.000,0.000,44.856,10.643,0.000,1.314,201.8,131,2026-11-12,ST-031,TR-011,2026-11-10
E-L2-12,E,L2,12,U2,标准层单元,1580,3880,48360.0,17790.0,4510.0,90,4.000,1.314,0.000,0.000,44.856,10.643,0.000,1.314,201.8,132,2026-11-12,ST-031,TR-011,2026-11-10
E-L2-13,E,L2,13,U2,标准层单元,1580,3880,48360.0,19390.0,4510.0,90,4.000,1.314,0.000,0.000,44.856,10.643,0.000,1.314,201.8,133,2026-11-12,ST-032,TR-011,2026-11-10
E-L2-14,E,L2,14,U2,标准层单元,1580,3880,48360.0,20990.0,4510.0,90,4.000,1.314,0.000,0.000,44.856,10.643,0.000,1.314,201.8,134,2026-11-12,ST-032,TR-011,2026-11-10
E-L2-15,E,L2,15,U2,标准层单元,1580,3880,48360.0,22590.0,4510.0,90,4.000,1.314,0.000,0.000,44.856,10.643,0.000,1.314,201.8,135,2026-11-12,ST-032,TR-011,2026-11-10
N-L2-01,N,L2,1,U2,标准层单元,1580,3880,48170.0,24360.0,4510.0,180,4.000,1.314,0.000,0.000,44.856,10.643,0.000,1.314,201.8,136,2026-11-12,ST-032,TR-011,2026-11-10
N-L2-02,N,L2,2,U2,标准层单元,1580,3880,46570.0,24360.0,4510.0,180,4.000,1.314,0.000,0.000,44.856,10.643,0.000,1.314,201.8,137,2026-11-12,ST-032,TR-011,2026-11-10
N-L2-03,N,L2,3,U2,标准层单元,1580,3880,44970.0,24360.0,4510.0,180,4.000,1.314,0.000,0.000,44.856,10.643,0.000,1.314,201.8,138,2026-11-12,ST-032,TR-011,2026-11-10
N-L2-04,N,L2,4,U2,标准层单元,1580,3880,43370.0,24360.0,4510.0,180,4.000,1.314,0.000,0.000,44.856,10.643,0.000,1.314,201.8,139,2026-11-12,ST-033,TR-011,2026-11-10
N-L2-05,N,L2,5,U2,标准层单元,1580,3880,41770.0,24360.0,4510.0,180,4.000,1.314,0.000,0.000,44.856,10.643,0.000,1.314,201.8,140,2026-11-12,ST-033,TR-011,2026-11-10
N-L2-06,N,L2,6,U2,标准层单元,1580,3880,40170.0,24360.0,4510.0,180,4.000,1.314,0.000,0.000,44.856,10.643,0.000,1.314,201.8,141,2026-11-12,ST-033,TR-011,2026-11-10
N-L2-07,N,L2,7,U2,标准层单元,1580,3880,38570.0,24360.0,4510.0,180,4.000,1.314,0.000,0.000,44.856,10.643,0.000,1.314,201.8,142,2026-11-12,ST-033,TR-011,2026-11-10
N-L2-08,N,L2,8,U2,标准层单元,1580,3880,36970.0,24360.0,4510.0,180,4.000,1.314,0.000,0.000,44.856,10.643,0.000,1.314,201.8,143,2026-11-12,ST-033,TR-011,2026-11-10
N-L2-09,N,L2,9,U2,标准层单元,1580,3880,35370.0,24360.0,4510.0,180,4.000,1.314,0.000,0.000,44.856,10.643,0.000,1.314,201.8,144,2026-11-12,ST-033,TR-011,2026-11-10
N-L2-10,N,L2,10,U2,标准层单元,1580,3880,33770.0,24360.0,4510.0,180,4.000,1.314,0.000,0.000,44.856,10.643,0.000,1.314,201.8,145,2026-11-12,ST-034,TR-012,2026-11-11
N-L2-11,N,L2,11,U2,标准层单元,1580,3880,32170.0,24360.0,4510.0,180,4.000,1.314,0.000,0.000,44.856,10.643,0.000,1.314,201.8,146,2026-11-12,ST-034,TR-012,2026-11-11
N-L2-12,N,L2,12,U2,标准层单元,1580,3880,30570.0,24360.0,4510.0,180,4.000,1.314,0.000,0.000,44.856,10.643,0.000,1.314,201.8,147,2026-11-12,ST-034,TR-012,2026-11-11
N-L2-13,N,L2,13,U2,标准层单元,1580,3880,28970.0,24360.0,4510.0,180,4.000,1.314,0.000,0.000,44.856,10.643,0.000,1.314,201.8,148,2026-11-13,ST-034,TR-012,2026-11-11
N-L2-14,N,L2,14,U2,标准层单元,1580,3880,27370.0,24360.0,4510.0,180,4.000,1.314,0.000,0.000,44.856,10.643,0.000,1.314,201.8,149,2026-11-13,ST-034,TR-012,2026-11-11
N-L2-15,N,L2,15,U2,标准层单元,1580,3880,25770.0,24360.0,4510.0,180,4.000,1.314,0.000,0.000,44.856,10.643,0.000,1.314,201.8,150,2026-11-13,ST-034,TR-012,2026-11-11
N-L2-16,N,L2,16,U2,标准层单元,1580,3880,24170.0,24360.0,4510.0,180,4.000,1.314,0.000,0.000,44.856,10.643,0.000,1.314,201.8,151,2026-11-13,ST-035,TR-012,2026-11-11
N-L2-17,N,L2,17,U2,标准层单元,1580,3880,22570.0,24360.0,4510.0,180,4.000,1.314,0.000,0.000,44.856,10.643,0.000,1.314,201.8,152,2026-11-13,ST-035,TR-012,2026-11-11
N-L2-18,N,L2,18,U2,标准层单元,1580,3880,20970.0,24360.0,4510.0,180,4.000,1.314,0.000,0.000,44.856,10.643,0.000,1.314,201.8,153,2026-11-13,ST-035,TR-012,2026-11-11
N-L2-19,N,L2,19,U2,标准层单元,1580,3880,19370.0,24360.0,4510.0,180,4.000,1.314,0.000,0.000,44.856,10.643,0.000,1.314,201.8,154,2026-11-13,ST-035,TR-012,2026-11-11
N-L2-20,N,L2,20,U2,标准层单元,1580,3880,17770.0,24360.0,4510.0,180,4.000,1.314,0.000,0.000,44.856,10.643,0.000,1.314,201.8,155,2026-11-13,ST-035,TR-012,2026-11-11
N-L2-21,N,L2,21,U2,标准层单元,1580,3880,16170.0,24360.0,4510.0,180,4.000,1.314,0.000,0.000,44.856,10.643,0.000,1.314,201.8,156,2026-11-13,ST-035,TR-012,2026-11-11
N-L2-22,N,L2,22,U2,标准层单元,1580,3880,14570.0,24360.0,4510.0,180,4.000,1.314,0.000,0.000,44.856,10.643,0.000,1.314,201.8,157,2026-11-13,ST-036,TR-012,2026-11-11
N-L2-23,N,L2,23,U2,标准层单元,1580,3880,12970.0,24360.0,4510.0,180,4.000,1.314,0.000,0.000,44.856,10.643,0.000,1.314,201.8,158,2026-11-13,ST-036,TR-012,2026-11-11
N-L2-24,N,L2,24,U2,标准层单元,1580,3880,11370.0,24360.0,4510.0,180,4.000,1.314,0.000,0.000,44.856,10.643,0.000,1.314,201.8,159,2026-11-13,ST-036,TR-012,2026-11-11
N-L2-25,N,L2,25,U2,标准层单元,1580,3880,9770.0,24360.0,4510.0,180,4.000,1.314,0.000,0.000,44.856,10.643,0.000,1.314,201.8,160,2026-11-13,ST-036,TR-012,2026-11-11
N-L2-26,N,L2,26,U2,标准层单元,1580,3880,8170.0,24360.0,4510.0,180,4.000,1.314,0.000,0.000,44.856,10.643,0.000,1.314,201.8,161,2026-11-13,ST-036,TR-012,2026-11-11
N-L2-27,N,L2,27,U2,标准层单元,1580,3880,6570.0,24360.0,4510.0,180,4.000,1.314,0.000,0.000,44.856,10.643,0.000,1.314,201.8,162,2026-11-13,ST-036,TR-012,2026-11-11
N-L2-28,N,L2,28,U2,标准层单元,1580,3880,4970.0,24360.0,4510.0,180,4.000,1.314,0.000,0.000,44.856,10.643,0.000,1.314,201.8,163,2026-11-13,ST-037,TR-013,2026-11-12
N-L2-29,N,L2,29,U2,标准层单元,1580,3880,3370.0,24360.0,4510.0,180,4.000,1.314,0.000,0.000,44.856,10.643,0.000,1.314,201.8,164,2026-11-13,ST-037,TR-013,2026-11-12
N-L2-30,N,L2,30,U2,标准层单元,1580,3880,1770.0,24360.0,4510.0,180,4.000,1.314,0.000,0.000,44.856,10.643,0.000,1.314,201.8,165,2026-11-13,ST-037,TR-013,2026-11-12
W-L2-01,W,L2,1,U2,标准层单元,1580,3880,0.0,24170.0,4510.0,270,4.000,1.314,0.000,0.000,44.856,10.643,0.000,1.314,201.8,166,2026-11-13,ST-037,TR-013,2026-11-12
W-L2-02,W,L2,2,U2,标准层单元,1580,3880,0.0,22570.0,4510.0,270,4.000,1.314,0.000,0.000,44.856,10.643,0.000,1.314,201.8,167,2026-11-13,ST-037,TR-013,2026-11-12
W-L2-03,W,L2,3,U2,标准层单元,1580,3880,0.0,20970.0,4510.0,270,4.000,1.314,0.000,0.000,44.856,10.643,0.000,1.314,201.8,168,2026-11-14,ST-037,TR-013,2026-11-12
W-L2-04,W,L2,4,U2,标准层单元,1580,3880,0.0,19370.0,4510.0,270,4.000,1.314,0.000,0.000,44.856,10.643,0.000,1.314,201.8,169,2026-11-14,ST-038,TR-013,2026-11-12
W-L2-05,W,L2,5,U2,标准层单元,1580,3880,0.0,17770.0,4510.0,270,4.000,1.314,0.000,0.000,44.856,10.643,0.000,1.314,201.8,170,2026-11-14,ST-038,TR-013,2026-11-12
W-L2-06,W,L2,6,U2,标准层单元,1580,3880,0.0,16170.0,4510.0,270,4.000,1.314,0.000,0.000,44.856,10.643,0.000,1.314,201.8,171,2026-11-14,ST-038,TR-013,2026-11-12
W-L2-07,W,L2,7,U2,标准层单元,1580,3880,0.0,14570.0,4510.0,270,4.000,1.314,0.000,0.000,44.856,10.643,0.000,1.314,201.8,172,2026-11-14,ST-038,TR-013,2026-11-12
W-L2-08,W,L2,8,U2,标准层单元,1580,3880,0.0,12970.0,4510.0,270,4.000,1.314,0.000,0.000,44.856,10.643,0.000,1.314,201.8,173,2026-11-14,ST-038,TR-013,2026-11-12
W-L2-09,W,L2,9,U2,标准层单元,1580,3880,0.0,11370.0,4510.0,270,4.000,1.314,0.000,0.000,44.856,10.643,0.000,1.314,201.8,174,2026-11-14,ST-038,TR-013,2026-11-12
W-L2-10,W,L2,10,U2,标准层单元,1580,3880,0.0,9770.0,4510.0,270,4.000,1.314,0.000,0.000,44.856,10.643,0.000,1.314,201.8,175,2026-11-14,ST-039,TR-013,2026-11-12
W-L2-11,W,L2,11,U2,标准层单元,1580,3880,0.0,8170.0,4510.0,270,4.000,1.314,0.000,0.000,44.856,10.643,0.000,1.314,201.8,176,2026-11-14,ST-039,TR-013,2026-11-12
W-L2-12,W,L2,12,U2,标准层单元,1580,3880,0.0,6570.0,4510.0,270,4.000,1.314,0.000,0.000,44.856,10.643,0.000,1.314,201.8,177,2026-11-14,ST-039,TR-013,2026-11-12
W-L2-13,W,L2,13,U2,标准层单元,1580,3880,0.0,4970.0,4510.0,270,4.000,1.314,0.000,0.000,44.856,10.643,0.000,1.314,201.8,178,2026-11-14,ST-039,TR-013,2026-11-12
W-L2-14,W,L2,14,U2,标准层单元,1580,3880,0.0,3370.0,4510.0,270,4.000,1.314,0.000,0.000,44.856,10.643,0.000,1.314,201.8,179,2026-11-14,ST-039,TR-013,2026-11-12
W-L2-15,W,L2,15,U2,标准层单元,1580,3880,0.0,1770.0,4510.0,270,4.000,1.314,0.000,0.000,44.856,10.643,0.000,1.314,201.8,180,2026-11-14,ST-039,TR-013,2026-11-12
S-L3-01,S,L3,1,U2,标准层单元,1580,3880,190.0,0.0,8410.0,0,4.000,1.314,0.000,0.000,44.856,10.643,0.000,1.314,201.8,181,2026-11-14,ST-040,TR-014,2026-11-13
S-L3-02,S,L3,2,U2,标准层单元,1580,3880,1790.0,0.0,8410.0,0,4.000,1.314,0.000,0.000,44.856,10.643,0.000,1.314,201.8,182,2026-11-14,ST-040,TR-014,2026-11-13
S-L3-03,S,L3,3,U2,标准层单元,1580,3880,3390.0,0.0,8410.0,0,4.000,1.314,0.000,0.000,44.856,10.643,0.000,1.314,201.8,183,2026-11-14,ST-040,TR-014,2026-11-13
S-L3-04,S,L3,4,U2,标准层单元,1580,3880,4990.0,0.0,8410.0,0,4.000,1.314,0.000,0.000,44.856,10.643,0.000,1.314,201.8,184,2026-11-14,ST-040,TR-014,2026-11-13
S-L3-05,S,L3,5,U2,标准层单元,1580,3880,6590.0,0.0,8410.0,0,4.000,1.314,0.000,0.000,44.856,10.643,0.000,1.314,201.8,185,2026-11-14,ST-040,TR-014,2026-11-13
S-L3-06,S,L3,6,U2,标准层单元,1580,3880,8190.0,0.0,8410.0,0,4.000,1.314,0.000,0.000,44.856,10.643,0.000,1.314,201.8,186,2026-11-14,ST-040,TR-014,2026-11-13
S-L3-07,S,L3,7,U2,标准层单元,1580,3880,9790.0,0.0,8410.0,0,4.000,1.314,0.000,0.000,44.856,10.643,0.000,1.314,201.8,187,2026-11-14,ST-041,TR-014,2026-11-13
S-L3-08,S,L3,8,U2,标准层单元,1580,3880,11390.0,0.0,8410.0,0,4.000,1.314,0.000,0.000,44.856,10.643,0.000,1.314,201.8,188,2026-11-16,ST-041,TR-014,2026-11-13
S-L3-09,S,L3,9,U2,标准层单元,1580,3880,12990.0,0.0,8410.0,0,4.000,1.314,0.000,0.000,44.856,10.643,0.000,1.314,201.8,189,2026-11-16,ST-041,TR-014,2026-11-13
S-L3-10,S,L3,10,U2,标准层单元,1580,3880,14590.0,0.0,8410.0,0,4.000,1.314,0.000,0.000,44.856,10.643,0.000,1.314,201.8,190,2026-11-16,ST-041,TR-014,2026-11-13
S-L3-11,S,L3,11,U2,标准层单元,1580,3880,16190.0,0.0,8410.0,0,4.000,1.314,0.000,0.000,44.856,10.643,0.000,1.314,201.8,191,2026-11-16,ST-041,TR-014,2026-11-13
S-L3-12,S,L3,12,U2,标准层单元,1580,3880,17790.0,0.0,8410.0,0,4.000,1.314,0.000,0.000,44.856,10.643,0.000,1.314,201.8,192,2026-11-16,ST-041,TR-014,2026-11-13
S-L3-13,S,L3,13,U2,标准层单元,1580,3880,19390.0,0.0,8410.0,0,4.000,1.314,0.000,0.000,44.856,10.643,0.000,1.314,201.8,193,2026-11-16,ST-042,TR-014,2026-11-13
S-L3-14,S,L3,14,U2,标准层单元,1580,3880,20990.0,0.0,8410.0,0,4.000,1.314,0.000,0.000,44.856,10.643,0.000,1.314,201.8,194,2026-11-16,ST-042,TR-014,2026-11-13
S-L3-15,S,L3,15,U2,标准层单元,1580,3880,22590.0,0.0,8410.0,0,4.000,1.314,0.000,0.000,44.856,10.643,0.000,1.314,201.8,195,2026-11-16,ST-042,TR-014,2026-11-13
S-L3-16,S,L3,16,U2,标准层单元,1580,3880,24190.0,0.0,8410.0,0,4.000,1.314,0.000,0.000,44.856,10.643,0.000,1.314,201.8,196,2026-11-16,ST-042,TR-014,2026-11-13
S-L3-17,S,L3,17,U2,标准层单元,1580,3880,25790.0,0.0,8410.0,0,4.000,1.314,0.000,0.000,44.856,10.643,0.000,1.314,201.8,197,2026-11-16,ST-042,TR-014,2026-11-13
S-L3-18,S,L3,18,U2,标准层单元,1580,3880,27390.0,0.0,8410.0,0,4.000,1.314,0.000,0.000,44.856,10.643,0.000,1.314,201.8,198,2026-11-16,ST-042,TR-014,2026-11-13
S-L3-19,S,L3,19,U2,标准层单元,1580,3880,28990.0,0.0,8410.0,0,4.000,1.314,0.000,0.000,44.856,10.643,0.000,1.314,201.8,199,2026-11-16,ST-043,TR-015,2026-11-14
S-L3-20,S,L3,20,U2,标准层单元,1580,3880,30590.0,0.0,8410.0,0,4.000,1.314,0.000,0.000,44.856,10.643,0.000,1.314,201.8,200,2026-11-16,ST-043,TR-015,2026-11-14
S-L3-21,S,L3,21,U2,标准层单元,1580,3880,32190.0,0.0,8410.0,0,4.000,1.314,0.000,0.000,44.856,10.643,0.000,1.314,201.8,201,2026-11-16,ST-043,TR-015,2026-11-14
S-L3-22,S,L3,22,U2,标准层单元,1580,3880,33790.0,0.0,8410.0,0,4.000,1.314,0.000,0.000,44.856,10.643,0.000,1.314,201.8,202,2026-11-16,ST-043,TR-015,2026-11-14
S-L3-23,S,L3,23,U2,标准层单元,1580,3880,35390.0,0.0,8410.0,0,4.000,1.314,0.000,0.000,44.856,10.643,0.000,1.314,201.8,203,2026-11-16,ST-043,TR-015,2026-11-14
S-L3-24,S,L3,24,U2,标准层单元,1580,3880,36990.0,0.0,8410.0,0,4.000,1.314,0.000,0.000,44.856,10.643,0.000,1.314,201.8,204,2026-11-16,ST-043,TR-015,2026-11-14
S-L3-25,S,L3,25,U2,标准层单元,1580,3880,38590.0,0.0,8410.0,0,4.000,1.314,0.000,0.000,44.856,10.643,0.000,1.314,201.8,205,2026-11-16,ST-044,TR-015,2026-11-14
S-L3-26,S,L3,26,U2,标准层单元,1580,3880,40190.0,0.0,8410.0,0,4.000,1.314,0.000,0.000,44.856,10.643,0.000,1.314,201.8,206,2026-11-16,ST-044,TR-015,2026-11-14
S-L3-27,S,L3,27,U2,标准层单元,1580,3880,41790.0,0.0,8410.0,0,4.000,1.314,0.000,0.000,44.856,10.643,0.000,1.314,201.8,207,2026-11-16,ST-044,TR-015,2026-11-14
S-L3-28,S,L3,28,U2,标准层单元,1580,3880,43390.0,0.0,8410.0,0,4.000,1.314,0.000,0.000,44.856,10.643,0.000,1.314,201.8,208,2026-11-17,ST-044,TR-015,2026-11-14
S-L3-29,S,L3,29,U2,标准层单元,1580,3880,44990.0,0.0,8410.0,0,4.000,1.314,0.000,0.000,44.856,10.643,0.000,1.314,201.8,209,2026-11-17,ST-044,TR-015,2026-11-14
S-L3-30,S,L3,30,U2,标准层单元,1580,3880,46590.0,0.0,8410.0,0,4.000,1.314,0.000,0.000,44.856,10.643,0.000,1.314,201.8,210,2026-11-17,ST-044,TR-015,2026-11-14
E-L3-01,E,L3,1,U2,标准层单元,1580,3880,48360.0,190.0,8410.0,90,4.000,1.314,0.000,0.000,44.856,10.643,0.000,1.314,201.8,211,2026-11-17,ST-045,TR-015,2026-11-14
E-L3-02,E,L3,2,U2,标准层单元,1580,3880,48360.0,1790.0,8410.0,90,4.000,1.314,0.000,0.000,44.856,10.643,0.000,1.314,201.8,212,2026-11-17,ST-045,TR-015,2026-11-14
E-L3-03,E,L3,3,U2,标准层单元,1580,3880,48360.0,3390.0,8410.0,90,4.000,1.314,0.000,0.000,44.856,10.643,0.000,1.314,201.8,213,2026-11-17,ST-045,TR-015,2026-11-14
E-L3-04,E,L3,4,U2,标准层单元,1580,3880,48360.0,4990.0,8410.0,90,4.000,1.314,0.000,0.000,44.856,10.643,0.000,1.314,201.8,214,2026-11-17,ST-045,TR-015,2026-11-14
E-L3-05,E,L3,5,U2,标准层单元,1580,3880,48360.0,6590.0,8410.0,90,4.000,1.314,0.000,0.000,44.856,10.643,0.000,1.314,201.8,215,2026-11-17,ST-045,TR-015,2026-11-14
E-L3-06,E,L3,6,U2,标准层单元,1580,3880,48360.0,8190.0,8410.0,90,4.000,1.314,0.000,0.000,44.856,10.643,0.000,1.314,201.8,216,2026-11-17,ST-045,TR-015,2026-11-14
E-L3-07,E,L3,7,U2,标准层单元,1580,3880,48360.0,9790.0,8410.0,90,4.000,1.314,0.000,0.000,44.856,10.643,0.000,1.314,201.8,217,2026-11-17,ST-046,TR-016,2026-11-16
E-L3-08,E,L3,8,U2,标准层单元,1580,3880,48360.0,11390.0,8410.0,90,4.000,1.314,0.000,0.000,44.856,10.643,0.000,1.314,201.8,218,2026-11-17,ST-046,TR-016,2026-11-16
E-L3-09,E,L3,9,U2,标准层单元,1580,3880,48360.0,12990.0,8410.0,90,4.000,1.314,0.000,0.000,44.856,10.643,0.000,1.314,201.8,219,2026-11-17,ST-046,TR-016,2026-11-16
E-L3-10,E,L3,10,U2,标准层单元,1580,3880,48360.0,14590.0,8410.0,90,4.000,1.314,0.000,0.000,44.856,10.643,0.000,1.314,201.8,220,2026-11-17,ST-046,TR-016,2026-11-16
E-L3-11,E,L3,11,U2,标准层单元,1580,3880,48360.0,16190.0,8410.0,90,4.000,1.314,0.000,0.000,44.856,10.643,0.000,1.314,201.8,221,2026-11-17,ST-046,TR-016,2026-11-16
E-L3-12,E,L3,12,U2,标准层单元,1580,3880,48360.0,17790.0,8410.0,90,4.000,1.314,0.000,0.000,44.856,10.643,0.000,1.314,201.8,222,2026-11-17,ST-046,TR-016,2026-11-16
E-L3-13,E,L3,13,U2,标准层单元,1580,3880,48360.0,19390.0,8410.0,90,4.000,1.314,0.000,0.000,44.856,10.643,0.000,1.314,201.8,223,2026-11-17,ST-047,TR-016,2026-11-16
E-L3-14,E,L3,14,U2,标准层单元,1580,3880,48360.0,20990.0,8410.0,90,4.000,1.314,0.000,0.000,44.856,10.643,0.000,1.314,201.8,224,2026-11-17,ST-047,TR-016,2026-11-16
E-L3-15,E,L3,15,U2,标准层单元,1580,3880,48360.0,22590.0,8410.0,90,4.000,1.314,0.000,0.000,44.856,10.643,0.000,1.314,201.8,225,2026-11-17,ST-047,TR-016,2026-11-16
N-L3-01,N,L3,1,U2,标准层单元,1580,3880,48170.0,24360.0,8410.0,180,4.000,1.314,0.000,0.000,44.856,10.643,0.000,1.314,201.8,226,2026-11-17,ST-047,TR-016,2026-11-16
N-L3-02,N,L3,2,U2,标准层单元,1580,3880,46570.0,24360.0,8410.0,180,4.000,1.314,0.000,0.000,44.856,10.643,0.000,1.314,201.8,227,2026-11-17,ST-047,TR-016,2026-11-16
N-L3-03,N,L3,3,U2,标准层单元,1580,3880,44970.0,24360.0,8410.0,180,4.000,1.314,0.000,0.000,44.856,10.643,0.000,1.314,201.8,228,2026-11-18,ST-047,TR-016,2026-11-16
N-L3-04,N,L3,4,U2,标准层单元,1580,3880,43370.0,24360.0,8410.0,180,4.000,1.314,0.000,0.000,44.856,10.643,0.000,1.314,201.8,229,2026-11-18,ST-048,TR-016,2026-11-16
N-L3-05,N,L3,5,U2,标准层单元,1580,3880,41770.0,24360.0,8410.0,180,4.000,1.314,0.000,0.000,44.856,10.643,0.000,1.314,201.8,230,2026-11-18,ST-048,TR-016,2026-11-16
N-L3-06,N,L3,6,U2,标准层单元,1580,3880,40170.0,24360.0,8410.0,180,4.000,1.314,0.000,0.000,44.856,10.643,0.000,1.314,201.8,231,2026-11-18,ST-048,TR-016,2026-11-16
N-L3-07,N,L3,7,U2,标准层单元,1580,3880,38570.0,24360.0,8410.0,180,4.000,1.314,0.000,0.000,44.856,10.643,0.000,1.314,201.8,232,2026-11-18,ST-048,TR-016,2026-11-16
N-L3-08,N,L3,8,U2,标准层单元,1580,3880,36970.0,24360.0,8410.0,180,4.000,1.314,0.000,0.000,44.856,10.643,0.000,1.314,201.8,233,2026-11-18,ST-048,TR-016,2026-11-16
N-L3-09,N,L3,9,U2,标准层单元,1580,3880,35370.0,24360.0,8410.0,180,4.000,1.314,0.000,0.000,44.856,10.643,0.000,1.314,201.8,234,2026-11-18,ST-048,TR-016,2026-11-16
N-L3-10,N,L3,10,U2,标准层单元,1580,3880,33770.0,24360.0,8410.0,180,4.000,1.314,0.000,0.000,44.856,10.643,0.000,1.314,201.8,235,2026-11-18,ST-049,TR-017,2026-11-17
N-L3-11,N,L3,11,U2,标准层单元,1580,3880,32170.0,24360.0,8410.0,180,4.000,1.314,0.000,0.000,44.856,10.643,0.000,1.314,201.8,236,2026-11-18,ST-049,TR-017,2026-11-17
N-L3-12,N,L3,12,U2,标准层单元,1580,3880,30570.0,24360.0,8410.0,180,4.000,1.314,0.000,0.000,44.856,10.643,0.000,1.314,201.8,237,2026-11-18,ST-049,TR-017,2026-11-17
N-L3-13,N,L3,13,U2,标准层单元,1580,3880,28970.0,24360.0,8410.0,180,4.000,1.314,0.000,0.000,44.856,10.643,0.000,1.314,201.8,238,2026-11-18,ST-049,TR-017,2026-11-17
N-L3-14,N,L3,14,U2,标准层单元,1580,3880,27370.0,24360.0,8410.0,180,4.000,1.314,0.000,0.000,44.856,10.643,0.000,1.314,201.8,239,2026-11-18,ST-049,TR-017,2026-11-17
N-L3-15,N,L3,15,U2,标准层单元,1580,3880,25770.0,24360.0,8410.0,180,4.000,1.314,0.000,0.000,44.856,10.643,0.000,1.314,201.8,240,2026-11-18,ST-049,TR-017,2026-11-17
N-L3-16,N,L3,16,U2,标准层单元,1580,3880,24170.0,24360.0,8410.0,180,4.000,1.314,0.000,0.000,44.856,10.643,0.000,1.314,201.8,241,2026-11-18,ST-050,TR-017,2026-11-17
N-L3-17,N,L3,17,U2,标准层单元,1580,3880,22570.0,24360.0,8410.0,180,4.000,1.314,0.000,0.000,44.856,10.643,0.000,1.314,201.8,242,2026-11-18,ST-050,TR-017,2026-11-17
N-L3-18,N,L3,18,U2,标准层单元,1580,3880,20970.0,24360.0,8410.0,180,4.000,1.314,0.000,0.000,44.856,10.643,0.000,1.314,201.8,243,2026-11-18,ST-050,TR-017,2026-11-17
N-L3-19,N,L3,19,U2,标准层单元,1580,3880,19370.0,24360.0,8410.0,180,4.000,1.314,0.000,0.000,44.856,10.643,0.000,1.314,201.8,244,2026-11-18,ST-050,TR-017,2026-11-17
N-L3-20,N,L3,20,U2,标准层单元,1580,3880,17770.0,24360.0,8410.0,180,4.000,1.314,0.000,0.000,44.856,10.643,0.000,1.314,201.8,245,2026-11-18,ST-050,TR-017,2026-11-17
N-L3-21,N,L3,21,U2,标准层单元,1580,3880,16170.0,24360.0,8410.0,180,4.000,1.314,0.000,0.000,44.856,10.643,0.000,1.314,201.8,246,2026-11-18,ST-050,TR-017,2026-11-17
N-L3-22,N,L3,22,U2,标准层单元,1580,3880,14570.0,24360.0,8410.0,180,4.000,1.314,0.000,0.000,44.856,10.643,0.000,1.314,201.8,247,2026-11-18,ST-051,TR-017,2026-11-17
N-L3-23,N,L3,23,U2,标准层单元,1580,3880,12970.0,24360.0,8410.0,180,4.000,1.314,0.000,0.000,44.856,10.643,0.000,1.314,201.8,248,2026-11-19,ST-051,TR-017,2026-11-17
N-L3-24,N,L3,24,U2,标准层单元,1580,3880,11370.0,24360.0,8410.0,180,4.000,1.314,0.000,0.000,44.856,10.643,0.000,1.314,201.8,249,2026-11-19,ST-051,TR-017,2026-11-17
N-L3-25,N,L3,25,U2,标准层单元,1580,3880,9770.0,24360.0,8410.0,180,4.000,1.314,0.000,0.000,44.856,10.643,0.000,1.314,201.8,250,2026-11-19,ST-051,TR-017,2026-11-17
N-L3-26,N,L3,26,U2,标准层单元,1580,3880,8170.0,24360.0,8410.0,180,4.000,1.314,0.000,0.000,44.856,10.643,0.000,1.314,201.8,251,2026-11-19,ST-051,TR-017,2026-11-17
N-L3-27,N,L3,27,U2,标准层单元,1580,3880,6570.0,24360.0,8410.0,180,4.000,1.314,0.000,0.000,44.856,10.643,0.000,1.314,201.8,252,2026-11-19,ST-051,TR-017,2026-11-17
N-L3-28,N,L3,28,U2,标准层单元,1580,3880,4970.0,24360.0,8410.0,180,4.000,1.314,0.000,0.000,44.856,10.643,0.000,1.314,201.8,253,2026-11-19,ST-052,TR-018,2026-11-18
N-L3-29,N,L3,29,U2,标准层单元,1580,3880,3370.0,24360.0,8410.0,180,4.000,1.314,0.000,0.000,44.856,10.643,0.000,1.314,201.8,254,2026-11-19,ST-052,TR-018,2026-11-18
N-L3-30,N,L3,30,U2,标准层单元,1580,3880,1770.0,24360.0,8410.0,180,4.000,1.314,0.000,0.000,44.856,10.643,0.000,1.314,201.8,255,2026-11-19,ST-052,TR-018,2026-11-18
W-L3-01,W,L3,1,U2,标准层单元,1580,3880,0.0,24170.0,8410.0,270,4.000,1.314,0.000,0.000,44.856,10.643,0.000,1.314,201.8,256,2026-11-19,ST-052,TR-018,2026-11-18
W-L3-02,W,L3,2,U2,标准层单元,1580,3880,0.0,22570.0,8410.0,270,4.000,1.314,0.000,0.000,44.856,10.643,0.000,1.314,201.8,257,2026-11-19,ST-052,TR-018,2026-11-18
W-L3-03,W,L3,3,U2,标准层单元,1580,3880,0.0,20970.0,8410.0,270,4.000,1.314,0.000,0.000,44.856,10.643,0.000,1.314,201.8,258,2026-11-19,ST-052,TR-018,2026-11-18
W-L3-04,W,L3,4,U2,标准层单元,1580,3880,0.0,19370.0,8410.0,270,4.000,1.314,0.000,0.000,44.856,10.643,0.000,1.314,201.8,259,2026-11-19,ST-053,TR-018,2026-11-18
W-L3-05,W,L3,5,U2,标准层单元,1580,3880,0.0,17770.0,8410.0,270,4.000,1.314,0.000,0.000,44.856,10.643,0.000,1.314,201.8,260,2026-11-19,ST-053,TR-018,2026-11-18
W-L3-06,W,L3,6,U2,标准层单元,1580,3880,0.0,16170.0,8410.0,270,4.000,1.314,0.000,0.000,44.856,10.643,0.000,1.314,201.8,261,2026-11-19,ST-053,TR-018,2026-11-18
W-L3-07,W,L3,7,U2,标准层单元,1580,3880,0.0,14570.0,8410.0,270,4.000,1.314,0.000,0.000,44.856,10.643,0.000,1.314,201.8,262,2026-11-19,ST-053,TR-018,2026-11-18
W-L3-08,W,L3,8,U2,标准层单元,1580,3880,0.0,12970.0,8410.0,270,4.000,1.314,0.000,0.000,44.856,10.643,0.000,1.314,201.8,263,2026-11-19,ST-053,TR-018,2026-11-18
W-L3-09,W,L3,9,U2,标准层单元,1580,3880,0.0,11370.0,8410.0,270,4.000,1.314,0.000,0.000,44.856,10.643,0.000,1.314,201.8,264,2026-11-19,ST-053,TR-018,2026-11-18
W-L3-10,W,L3,10,U2,标准层单元,1580,3880,0.0,9770.0,8410.0,270,4.000,1.314,0.000,0.000,44.856,10.643,0.000,1.314,201.8,265,2026-11-19,ST-054,TR-018,2026-11-18
W-L3-11,W,L3,11,U2,标准层单元,1580,3880,0.0,8170.0,8410.0,270,4.000,1.314,0.000,0.000,44.856,10.643,0.000,1.314,201.8,266,2026-11-19,ST-054,TR-018,2026-11-18
W-L3-12,W,L3,12,U2,标准层单元,1580,3880,0.0,6570.0,8410.0,270,4.000,1.314,0.000,0.000,44.856,10.643,0.000,1.314,201.8,267,2026-11-19,ST-054,TR-018,2026-11-18
W-L3-13,W,L3,13,U2,标准层单元,1580,3880,0.0,4970.0,8410.0,270,4.000,1.314,0.000,0.000,44.856,10.643,0.000,1.314,201.8,268,2026-11-20,ST-054,TR-018,2026-11-18
W-L3-14,W,L3,14,U2,标准层单元,1580,3880,0.0,3370.0,8410.0,270,4.000,1.314,0.000,0.000,44.856,10.643,0.000,1.314,201.8,269,2026-11-20,ST-054,TR-018,2026-11-18
W-L3-15,W,L3,15,U2,标准层单元,1580,3880,0.0,1770.0,8410.0,270,4.000,1.314,0.000,0.000,44.856,10.643,0.000,1.314,201.8,270,2026-11-20,ST-054,TR-018,2026-11-18
S-L4-01,S,L4,1,U2,标准层单元,1580,3880,190.0,0.0,12310.0,0,4.000,1.314,0.000,0.000,44.856,10.643,0.000,1.314,201.8,271,2026-11-20,ST-055,TR-019,2026-11-19
S-L4-02,S,L4,2,U2,标准层单元,1580,3880,1790.0,0.0,12310.0,0,4.000,1.314,0.000,0.000,44.856,10.643,0.000,1.314,201.8,272,2026-11-20,ST-055,TR-019,2026-11-19
S-L4-03,S,L4,3,U2,标准层单元,1580,3880,3390.0,0.0,12310.0,0,4.000,1.314,0.000,0.000,44.856,10.643,0.000,1.314,201.8,273,2026-11-20,ST-055,TR-019,2026-11-19
S-L4-04,S,L4,4,U2,标准层单元,1580,3880,4990.0,0.0,12310.0,0,4.000,1.314,0.000,0.000,44.856,10.643,0.000,1.314,201.8,274,2026-11-20,ST-055,TR-019,2026-11-19
S-L4-05,S,L4,5,U2,标准层单元,1580,3880,6590.0,0.0,12310.0,0,4.000,1.314,0.000,0.000,44.856,10.643,0.000,1.314,201.8,275,2026-11-20,ST-055,TR-019,2026-11-19
S-L4-06,S,L4,6,U2,标准层单元,1580,3880,8190.0,0.0,12310.0,0,4.000,1.314,0.000,0.000,44.856,10.643,0.000,1.314,201.8,276,2026-11-20,ST-055,TR-019,2026-11-19
S-L4-07,S,L4,7,U2,标准层单元,1580,3880,9790.0,0.0,12310.0,0,4.000,1.314,0.000,0.000,44.856,10.643,0.000,1.314,201.8,277,2026-11-20,ST-056,TR-019,2026-11-19
S-L4-08,S,L4,8,U2,标准层单元,1580,3880,11390.0,0.0,12310.0,0,4.000,1.314,0.000,0.000,44.856,10.643,0.000,1.314,201.8,278,2026-11-20,ST-056,TR-019,2026-11-19
S-L4-09,S,L4,9,U2,标准层单元,1580,3880,12990.0,0.0,12310.0,0,4.000,1.314,0.000,0.000,44.856,10.643,0.000,1.314,201.8,279,2026-11-20,ST-056,TR-019,2026-11-19
S-L4-10,S,L4,10,U2,标准层单元,1580,3880,14590.0,0.0,12310.0,0,4.000,1.314,0.000,0.000,44.856,10.643,0.000,1.314,201.8,280,2026-11-20,ST-056,TR-019,2026-11-19
S-L4-11,S,L4,11,U2,标准层单元,1580,3880,16190.0,0.0,12310.0,0,4.000,1.314,0.000,0.000,44.856,10.643,0.000,1.314,201.8,281,2026-11-20,ST-056,TR-019,2026-11-19
S-L4-12,S,L4,12,U2,标准层单元,1580,3880,17790.0,0.0,12310.0,0,4.000,1.314,0.000,0.000,44.856,10.643,0.000,1.314,201.8,282,2026-11-20,ST-056,TR-019,2026-11-19
S-L4-13,S,L4,13,U2,标准层单元,1580,3880,19390.0,0.0,12310.0,0,4.000,1.314,0.000,0.000,44.856,10.643,0.000,1.314,201.8,283,2026-11-20,ST-057,TR-019,2026-11-19
S-L4-14,S,L4,14,U2,标准层单元,1580,3880,20990.0,0.0,12310.0,0,4.000,1.314,0.000,0.000,44.856,10.643,0.000,1.314,201.8,284,2026-11-20,ST-057,TR-019,2026-11-19
S-L4-15,S,L4,15,U2,标准层单元,1580,3880,22590.0,0.0,12310.0,0,4.000,1.314,0.000,0.000,44.856,10.643,0.000,1.314,201.8,285,2026-11-20,ST-057,TR-019,2026-11-19
S-L4-16,S,L4,16,U2,标准层单元,1580,3880,24190.0,0.0,12310.0,0,4.000,1.314,0.000,0.000,44.856,10.643,0.000,1.314,201.8,286,2026-11-20,ST-057,TR-019,2026-11-19
S-L4-17,S,L4,17,U2,标准层单元,1580,3880,25790.0,0.0,12310.0,0,4.000,1.314,0.000,0.000,44.856,10.643,0.000,1.314,201.8,287,2026-11-20,ST-057,TR-019,2026-11-19
S-L4-18,S,L4,18,U2,标准层单元,1580,3880,27390.0,0.0,12310.0,0,4.000,1.314,0.000,0.000,44.856,10.643,0.000,1.314,201.8,288,2026-11-21,ST-057,TR-019,2026-11-19
S-L4-19,S,L4,19,U2,标准层单元,1580,3880,28990.0,0.0,12310.0,0,4.000,1.314,0.000,0.000,44.856,10.643,0.000,1.314,201.8,289,2026-11-21,ST-058,TR-020,2026-11-20
S-L4-20,S,L4,20,U2,标准层单元,1580,3880,30590.0,0.0,12310.0,0,4.000,1.314,0.000,0.000,44.856,10.643,0.000,1.314,201.8,290,2026-11-21,ST-058,TR-020,2026-11-20
S-L4-21,S,L4,21,U2,标准层单元,1580,3880,32190.0,0.0,12310.0,0,4.000,1.314,0.000,0.000,44.856,10.643,0.000,1.314,201.8,291,2026-11-21,ST-058,TR-020,2026-11-20
S-L4-22,S,L4,22,U2,标准层单元,1580,3880,33790.0,0.0,12310.0,0,4.000,1.314,0.000,0.000,44.856,10.643,0.000,1.314,201.8,292,2026-11-21,ST-058,TR-020,2026-11-20
S-L4-23,S,L4,23,U2,标准层单元,1580,3880,35390.0,0.0,12310.0,0,4.000,1.314,0.000,0.000,44.856,10.643,0.000,1.314,201.8,293,2026-11-21,ST-058,TR-020,2026-11-20
S-L4-24,S,L4,24,U2,标准层单元,1580,3880,36990.0,0.0,12310.0,0,4.000,1.314,0.000,0.000,44.856,10.643,0.000,1.314,201.8,294,2026-11-21,ST-058,TR-020,2026-11-20
S-L4-25,S,L4,25,U2,标准层单元,1580,3880,38590.0,0.0,12310.0,0,4.000,1.314,0.000,0.000,44.856,10.643,0.000,1.314,201.8,295,2026-11-21,ST-059,TR-020,2026-11-20
S-L4-26,S,L4,26,U2,标准层单元,1580,3880,40190.0,0.0,12310.0,0,4.000,1.314,0.000,0.000,44.856,10.643,0.000,1.314,201.8,296,2026-11-21,ST-059,TR-020,2026-11-20
S-L4-27,S,L4,27,U2,标准层单元,1580,3880,41790.0,0.0,12310.0,0,4.000,1.314,0.000,0.000,44.856,10.643,0.000,1.314,201.8,297,2026-11-21,ST-059,TR-020,2026-11-20
S-L4-28,S,L4,28,U2,标准层单元,1580,3880,43390.0,0.0,12310.0,0,4.000,1.314,0.000,0.000,44.856,10.643,0.000,1.314,201.8,298,2026-11-21,ST-059,TR-020,2026-11-20
S-L4-29,S,L4,29,U2,标准层单元,1580,3880,44990.0,0.0,12310.0,0,4.000,1.314,0.000,0.000,44.856,10.643,0.000,1.314,201.8,299,2026-11-21,ST-059,TR-020,2026-11-20
S-L4-30,S,L4,30,U2,标准层单元,1580,3880,46590.0,0.0,12310.0,0,4.000,1.314,0.000,0.000,44.856,10.643,0.000,1.314,201.8,300,2026-11-21,ST-059,TR-020,2026-11-20
E-L4-01,E,L4,1,U2,标准层单元,1580,3880,48360.0,190.0,12310.0,90,4.000,1.314,0.000,0.000,44.856,10.643,0.000,1.314,201.8,301,2026-11-21,ST-060,TR-020,2026-11-20
E-L4-02,E,L4,2,U2,标准层单元,1580,3880,48360.0,1790.0,12310.0,90,4.000,1.314,0.000,0.000,44.856,10.643,0.000,1.314,201.8,302,2026-11-21,ST-060,TR-020,2026-11-20
E-L4-03,E,L4,3,U2,标准层单元,1580,3880,48360.0,3390.0,12310.0,90,4.000,1.314,0.000,0.000,44.856,10.643,0.000,1.314,201.8,303,2026-11-21,ST-060,TR-020,2026-11-20
E-L4-04,E,L4,4,U2,标准层单元,1580,3880,48360.0,4990.0,12310.0,90,4.000,1.314,0.000,0.000,44.856,10.643,0.000,1.314,201.8,304,2026-11-21,ST-060,TR-020,2026-11-20
E-L4-05,E,L4,5,U2,标准层单元,1580,3880,48360.0,6590.0,12310.0,90,4.000,1.314,0.000,0.000,44.856,10.643,0.000,1.314,201.8,305,2026-11-21,ST-060,TR-020,2026-11-20
E-L4-06,E,L4,6,U2,标准层单元,1580,3880,48360.0,8190.0,12310.0,90,4.000,1.314,0.000,0.000,44.856,10.643,0.000,1.314,201.8,306,2026-11-21,ST-060,TR-020,2026-11-20
E-L4-07,E,L4,7,U2,标准层单元,1580,3880,48360.0,9790.0,12310.0,90,4.000,1.314,0.000,0.000,44.856,10.643,0.000,1.314,201.8,307,2026-11-21,ST-061,TR-021,2026-11-20
E-L4-08,E,L4,8,U2,标准层单元,1580,3880,48360.0,11390.0,12310.0,90,4.000,1.314,0.000,0.000,44.856,10.643,0.000,1.314,201.8,308,2026-11-23,ST-061,TR-021,2026-11-20
E-L4-09,E,L4,9,U2,标准层单元,1580,3880,48360.0,12990.0,12310.0,90,4.000,1.314,0.000,0.000,44.856,10.643,0.000,1.314,201.8,309,2026-11-23,ST-061,TR-021,2026-11-20
E-L4-10,E,L4,10,U2,标准层单元,1580,3880,48360.0,14590.0,12310.0,90,4.000,1.314,0.000,0.000,44.856,10.643,0.000,1.314,201.8,310,2026-11-23,ST-061,TR-021,2026-11-20
E-L4-11,E,L4,11,U2,标准层单元,1580,3880,48360.0,16190.0,12310.0,90,4.000,1.314,0.000,0.000,44.856,10.643,0.000,1.314,201.8,311,2026-11-23,ST-061,TR-021,2026-11-20
E-L4-12,E,L4,12,U2,标准层单元,1580,3880,48360.0,17790.0,12310.0,90,4.000,1.314,0.000,0.000,44.856,10.643,0.000,1.314,201.8,312,2026-11-23,ST-061,TR-021,2026-11-20
E-L4-13,E,L4,13,U2,标准层单元,1580,3880,48360.0,19390.0,12310.0,90,4.000,1.314,0.000,0.000,44.856,10.643,0.000,1.314,201.8,313,2026-11-23,ST-062,TR-021,2026-11-20
E-L4-14,E,L4,14,U2,标准层单元,1580,3880,48360.0,20990.0,12310.0,90,4.000,1.314,0.000,0.000,44.856,10.643,0.000,1.314,201.8,314,2026-11-23,ST-062,TR-021,2026-11-20
E-L4-15,E,L4,15,U2,标准层单元,1580,3880,48360.0,22590.0,12310.0,90,4.000,1.314,0.000,0.000,44.856,10.643,0.000,1.314,201.8,315,2026-11-23,ST-062,TR-021,2026-11-20
N-L4-01,N,L4,1,U2,标准层单元,1580,3880,48170.0,24360.0,12310.0,180,4.000,1.314,0.000,0.000,44.856,10.643,0.000,1.314,201.8,316,2026-11-23,ST-062,TR-021,2026-11-20
N-L4-02,N,L4,2,U2,标准层单元,1580,3880,46570.0,24360.0,12310.0,180,4.000,1.314,0.000,0.000,44.856,10.643,0.000,1.314,201.8,317,2026-11-23,ST-062,TR-021,2026-11-20
N-L4-03,N,L4,3,U2,标准层单元,1580,3880,44970.0,24360.0,12310.0,180,4.000,1.314,0.000,0.000,44.856,10.643,0.000,1.314,201.8,318,2026-11-23,ST-062,TR-021,2026-11-20
N-L4-04,N,L4,4,U2,标准层单元,1580,3880,43370.0,24360.0,12310.0,180,4.000,1.314,0.000,0.000,44.856,10.643,0.000,1.314,201.8,319,2026-11-23,ST-063,TR-021,2026-11-20
N-L4-05,N,L4,5,U2,标准层单元,1580,3880,41770.0,24360.0,12310.0,180,4.000,1.314,0.000,0.000,44.856,10.643,0.000,1.314,201.8,320,2026-11-23,ST-063,TR-021,2026-11-20
N-L4-06,N,L4,6,U2,标准层单元,1580,3880,40170.0,24360.0,12310.0,180,4.000,1.314,0.000,0.000,44.856,10.643,0.000,1.314,201.8,321,2026-11-23,ST-063,TR-021,2026-11-20
N-L4-07,N,L4,7,U2,标准层单元,1580,3880,38570.0,24360.0,12310.0,180,4.000,1.314,0.000,0.000,44.856,10.643,0.000,1.314,201.8,322,2026-11-23,ST-063,TR-021,2026-11-20
N-L4-08,N,L4,8,U2,标准层单元,1580,3880,36970.0,24360.0,12310.0,180,4.000,1.314,0.000,0.000,44.856,10.643,0.000,1.314,201.8,323,2026-11-23,ST-063,TR-021,2026-11-20
N-L4-09,N,L4,9,U2,标准层单元,1580,3880,35370.0,24360.0,12310.0,180,4.000,1.314,0.000,0.000,44.856,10.643,0.000,1.314,201.8,324,2026-11-23,ST-063,TR-021,2026-11-20
N-L4-10,N,L4,10,U2,标准层单元,1580,3880,33770.0,24360.0,12310.0,180,4.000,1.314,0.000,0.000,44.856,10.643,0.000,1.314,201.8,325,2026-11-23,ST-064,TR-022,2026-11-21
N-L4-11,N,L4,11,U2,标准层单元,1580,3880,32170.0,24360.0,12310.0,180,4.000,1.314,0.000,0.000,44.856,10.643,0.000,1.314,201.8,326,2026-11-23,ST-064,TR-022,2026-11-21
N-L4-12,N,L4,12,U2,标准层单元,1580,3880,30570.0,24360.0,12310.0,180,4.000,1.314,0.000,0.000,44.856,10.643,0.000,1.314,201.8,327,2026-11-23,ST-064,TR-022,2026-11-21
N-L4-13,N,L4,13,U2,标准层单元,1580,3880,28970.0,24360.0,12310.0,180,4.000,1.314,0.000,0.000,44.856,10.643,0.000,1.314,201.8,328,2026-11-24,ST-064,TR-022,2026-11-21
N-L4-14,N,L4,14,U2,标准层单元,1580,3880,27370.0,24360.0,12310.0,180,4.000,1.314,0.000,0.000,44.856,10.643,0.000,1.314,201.8,329,2026-11-24,ST-064,TR-022,2026-11-21
N-L4-15,N,L4,15,U2,标准层单元,1580,3880,25770.0,24360.0,12310.0,180,4.000,1.314,0.000,0.000,44.856,10.643,0.000,1.314,201.8,330,2026-11-24,ST-064,TR-022,2026-11-21
N-L4-16,N,L4,16,U2,标准层单元,1580,3880,24170.0,24360.0,12310.0,180,4.000,1.314,0.000,0.000,44.856,10.643,0.000,1.314,201.8,331,2026-11-24,ST-065,TR-022,2026-11-21
N-L4-17,N,L4,17,U2,标准层单元,1580,3880,22570.0,24360.0,12310.0,180,4.000,1.314,0.000,0.000,44.856,10.643,0.000,1.314,201.8,332,2026-11-24,ST-065,TR-022,2026-11-21
N-L4-18,N,L4,18,U2,标准层单元,1580,3880,20970.0,24360.0,12310.0,180,4.000,1.314,0.000,0.000,44.856,10.643,0.000,1.314,201.8,333,2026-11-24,ST-065,TR-022,2026-11-21
N-L4-19,N,L4,19,U2,标准层单元,1580,3880,19370.0,24360.0,12310.0,180,4.000,1.314,0.000,0.000,44.856,10.643,0.000,1.314,201.8,334,2026-11-24,ST-065,TR-022,2026-11-21
N-L4-20,N,L4,20,U2,标准层单元,1580,3880,17770.0,24360.0,12310.0,180,4.000,1.314,0.000,0.000,44.856,10.643,0.000,1.314,201.8,335,2026-11-24,ST-065,TR-022,2026-11-21
N-L4-21,N,L4,21,U2,标准层单元,1580,3880,16170.0,24360.0,12310.0,180,4.000,1.314,0.000,0.000,44.856,10.643,0.000,1.314,201.8,336,2026-11-24,ST-065,TR-022,2026-11-21
N-L4-22,N,L4,22,U2,标准层单元,1580,3880,14570.0,24360.0,12310.0,180,4.000,1.314,0.000,0.000,44.856,10.643,0.000,1.314,201.8,337,2026-11-24,ST-066,TR-022,2026-11-21
N-L4-23,N,L4,23,U2,标准层单元,1580,3880,12970.0,24360.0,12310.0,180,4.000,1.314,0.000,0.000,44.856,10.643,0.000,1.314,201.8,338,2026-11-24,ST-066,TR-022,2026-11-21
N-L4-24,N,L4,24,U2,标准层单元,1580,3880,11370.0,24360.0,12310.0,180,4.000,1.314,0.000,0.000,44.856,10.643,0.000,1.314,201.8,339,2026-11-24,ST-066,TR-022,2026-11-21
N-L4-25,N,L4,25,U2,标准层单元,1580,3880,9770.0,24360.0,12310.0,180,4.000,1.314,0.000,0.000,44.856,10.643,0.000,1.314,201.8,340,2026-11-24,ST-066,TR-022,2026-11-21
N-L4-26,N,L4,26,U2,标准层单元,1580,3880,8170.0,24360.0,12310.0,180,4.000,1.314,0.000,0.000,44.856,10.643,0.000,1.314,201.8,341,2026-11-24,ST-066,TR-022,2026-11-21
N-L4-27,N,L4,27,U2,标准层单元,1580,3880,6570.0,24360.0,12310.0,180,4.000,1.314,0.000,0.000,44.856,10.643,0.000,1.314,201.8,342,2026-11-24,ST-066,TR-022,2026-11-21
N-L4-28,N,L4,28,U2,标准层单元,1580,3880,4970.0,24360.0,12310.0,180,4.000,1.314,0.000,0.000,44.856,10.643,0.000,1.314,201.8,343,2026-11-24,ST-067,TR-023,2026-11-23
N-L4-29,N,L4,29,U2,标准层单元,1580,3880,3370.0,24360.0,12310.0,180,4.000,1.314,0.000,0.000,44.856,10.643,0.000,1.314,201.8,344,2026-11-24,ST-067,TR-023,2026-11-23
N-L4-30,N,L4,30,U2,标准层单元,1580,3880,1770.0,24360.0,12310.0,180,4.000,1.314,0.000,0.000,44.856,10.643,0.000,1.314,201.8,345,2026-11-24,ST-067,TR-023,2026-11-23
W-L4-01,W,L4,1,U2,标准层单元,1580,3880,0.0,24170.0,12310.0,270,4.000,1.314,0.000,0.000,44.856,10.643,0.000,1.314,201.8,346,2026-11-24,ST-067,TR-023,2026-11-23
W-L4-02,W,L4,2,U2,标准层单元,1580,3880,0.0,22570.0,12310.0,270,4.000,1.314,0.000,0.000,44.856,10.643,0.000,1.314,201.8,347,2026-11-24,ST-067,TR-023,2026-11-23
W-L4-03,W,L4,3,U2,标准层单元,1580,3880,0.0,20970.0,12310.0,270,4.000,1.314,0.000,0.000,44.856,10.643,0.000,1.314,201.8,348,2026-11-25,ST-067,TR-023,2026-11-23
W-L4-04,W,L4,4,U2,标准层单元,1580,3880,0.0,19370.0,12310.0,270,4.000,1.314,0.000,0.000,44.856,10.643,0.000,1.314,201.8,349,2026-11-25,ST-068,TR-023,2026-11-23
W-L4-05,W,L4,5,U2,标准层单元,1580,3880,0.0,17770.0,12310.0,270,4.000,1.314,0.000,0.000,44.856,10.643,0.000,1.314,201.8,350,2026-11-25,ST-068,TR-023,2026-11-23
W-L4-06,W,L4,6,U2,标准层单元,1580,3880,0.0,16170.0,12310.0,270,4.000,1.314,0.000,0.000,44.856,10.643,0.000,1.314,201.8,351,2026-11-25,ST-068,TR-023,2026-11-23
W-L4-07,W,L4,7,U2,标准层单元,1580,3880,0.0,14570.0,12310.0,270,4.000,1.314,0.000,0.000,44.856,10.643,0.000,1.314,201.8,352,2026-11-25,ST-068,TR-023,2026-11-23
W-L4-08,W,L4,8,U2,标准层单元,1580,3880,0.0,12970.0,12310.0,270,4.000,1.314,0.000,0.000,44.856,10.643,0.000,1.314,201.8,353,2026-11-25,ST-068,TR-023,2026-11-23
W-L4-09,W,L4,9,U2,标准层单元,1580,3880,0.0,11370.0,12310.0,270,4.000,1.314,0.000,0.000,44.856,10.643,0.000,1.314,201.8,354,2026-11-25,ST-068,TR-023,2026-11-23
W-L4-10,W,L4,10,U2,标准层单元,1580,3880,0.0,9770.0,12310.0,270,4.000,1.314,0.000,0.000,44.856,10.643,0.000,1.314,201.8,355,2026-11-25,ST-069,TR-023,2026-11-23
W-L4-11,W,L4,11,U2,标准层单元,1580,3880,0.0,8170.0,12310.0,270,4.000,1.314,0.000,0.000,44.856,10.643,0.000,1.314,201.8,356,2026-11-25,ST-069,TR-023,2026-11-23
W-L4-12,W,L4,12,U2,标准层单元,1580,3880,0.0,6570.0,12310.0,270,4.000,1.314,0.000,0.000,44.856,10.643,0.000,1.314,201.8,357,2026-11-25,ST-069,TR-023,2026-11-23
W-L4-13,W,L4,13,U2,标准层单元,1580,3880,0.0,4970.0,12310.0,270,4.000,1.314,0.000,0.000,44.856,10.643,0.000,1.314,201.8,358,2026-11-25,ST-069,TR-023,2026-11-23
W-L4-14,W,L4,14,U2,标准层单元,1580,3880,0.0,3370.0,12310.0,270,4.000,1.314,0.000,0.000,44.856,10.643,0.000,1.314,201.8,359,2026-11-25,ST-069,TR-023,2026-11-23
W-L4-15,W,L4,15,U2,标准层单元,1580,3880,0.0,1770.0,12310.0,270,4.000,1.314,0.000,0.000,44.856,10.643,0.000,1.314,201.8,360,2026-11-25,ST-069,TR-023,2026-11-23
S-L5-01,S,L5,1,U2,标准层单元,1580,3880,190.0,0.0,16210.0,0,4.000,1.314,0.000,0.000,44.856,10.643,0.000,1.314,201.8,361,2026-11-25,ST-070,TR-024,2026-11-24
S-L5-02,S,L5,2,U2,标准层单元,1580,3880,1790.0,0.0,16210.0,0,4.000,1.314,0.000,0.000,44.856,10.643,0.000,1.314,201.8,362,2026-11-25,ST-070,TR-024,2026-11-24
S-L5-03,S,L5,3,U2,标准层单元,1580,3880,3390.0,0.0,16210.0,0,4.000,1.314,0.000,0.000,44.856,10.643,0.000,1.314,201.8,363,2026-11-25,ST-070,TR-024,2026-11-24
S-L5-04,S,L5,4,U2,标准层单元,1580,3880,4990.0,0.0,16210.0,0,4.000,1.314,0.000,0.000,44.856,10.643,0.000,1.314,201.8,364,2026-11-25,ST-070,TR-024,2026-11-24
S-L5-05,S,L5,5,U2,标准层单元,1580,3880,6590.0,0.0,16210.0,0,4.000,1.314,0.000,0.000,44.856,10.643,0.000,1.314,201.8,365,2026-11-25,ST-070,TR-024,2026-11-24
S-L5-06,S,L5,6,U2,标准层单元,1580,3880,8190.0,0.0,16210.0,0,4.000,1.314,0.000,0.000,44.856,10.643,0.000,1.314,201.8,366,2026-11-25,ST-070,TR-024,2026-11-24
S-L5-07,S,L5,7,U2,标准层单元,1580,3880,9790.0,0.0,16210.0,0,4.000,1.314,0.000,0.000,44.856,10.643,0.000,1.314,201.8,367,2026-11-25,ST-071,TR-024,2026-11-24
S-L5-08,S,L5,8,U2,标准层单元,1580,3880,11390.0,0.0,16210.0,0,4.000,1.314,0.000,0.000,44.856,10.643,0.000,1.314,201.8,368,2026-11-26,ST-071,TR-024,2026-11-24
S-L5-09,S,L5,9,U2,标准层单元,1580,3880,12990.0,0.0,16210.0,0,4.000,1.314,0.000,0.000,44.856,10.643,0.000,1.314,201.8,369,2026-11-26,ST-071,TR-024,2026-11-24
S-L5-10,S,L5,10,U2,标准层单元,1580,3880,14590.0,0.0,16210.0,0,4.000,1.314,0.000,0.000,44.856,10.643,0.000,1.314,201.8,370,2026-11-26,ST-071,TR-024,2026-11-24
S-L5-11,S,L5,11,U2,标准层单元,1580,3880,16190.0,0.0,16210.0,0,4.000,1.314,0.000,0.000,44.856,10.643,0.000,1.314,201.8,371,2026-11-26,ST-071,TR-024,2026-11-24
S-L5-12,S,L5,12,U2,标准层单元,1580,3880,17790.0,0.0,16210.0,0,4.000,1.314,0.000,0.000,44.856,10.643,0.000,1.314,201.8,372,2026-11-26,ST-071,TR-024,2026-11-24
S-L5-13,S,L5,13,U2,标准层单元,1580,3880,19390.0,0.0,16210.0,0,4.000,1.314,0.000,0.000,44.856,10.643,0.000,1.314,201.8,373,2026-11-26,ST-072,TR-024,2026-11-24
S-L5-14,S,L5,14,U2,标准层单元,1580,3880,20990.0,0.0,16210.0,0,4.000,1.314,0.000,0.000,44.856,10.643,0.000,1.314,201.8,374,2026-11-26,ST-072,TR-024,2026-11-24
S-L5-15,S,L5,15,U2,标准层单元,1580,3880,22590.0,0.0,16210.0,0,4.000,1.314,0.000,0.000,44.856,10.643,0.000,1.314,201.8,375,2026-11-26,ST-072,TR-024,2026-11-24
S-L5-16,S,L5,16,U2,标准层单元,1580,3880,24190.0,0.0,16210.0,0,4.000,1.314,0.000,0.000,44.856,10.643,0.000,1.314,201.8,376,2026-11-26,ST-072,TR-024,2026-11-24
S-L5-17,S,L5,17,U2,标准层单元,1580,3880,25790.0,0.0,16210.0,0,4.000,1.314,0.000,0.000,44.856,10.643,0.000,1.314,201.8,377,2026-11-26,ST-072,TR-024,2026-11-24
S-L5-18,S,L5,18,U2,标准层单元,1580,3880,27390.0,0.0,16210.0,0,4.000,1.314,0.000,0.000,44.856,10.643,0.000,1.314,201.8,378,2026-11-26,ST-072,TR-024,2026-11-24
S-L5-19,S,L5,19,U2,标准层单元,1580,3880,28990.0,0.0,16210.0,0,4.000,1.314,0.000,0.000,44.856,10.643,0.000,1.314,201.8,379,2026-11-26,ST-073,TR-025,2026-11-25
S-L5-20,S,L5,20,U2,标准层单元,1580,3880,30590.0,0.0,16210.0,0,4.000,1.314,0.000,0.000,44.856,10.643,0.000,1.314,201.8,380,2026-11-26,ST-073,TR-025,2026-11-25
S-L5-21,S,L5,21,U2,标准层单元,1580,3880,32190.0,0.0,16210.0,0,4.000,1.314,0.000,0.000,44.856,10.643,0.000,1.314,201.8,381,2026-11-26,ST-073,TR-025,2026-11-25
S-L5-22,S,L5,22,U2,标准层单元,1580,3880,33790.0,0.0,16210.0,0,4.000,1.314,0.000,0.000,44.856,10.643,0.000,1.314,201.8,382,2026-11-26,ST-073,TR-025,2026-11-25
S-L5-23,S,L5,23,U2,标准层单元,1580,3880,35390.0,0.0,16210.0,0,4.000,1.314,0.000,0.000,44.856,10.643,0.000,1.314,201.8,383,2026-11-26,ST-073,TR-025,2026-11-25
S-L5-24,S,L5,24,U2,标准层单元,1580,3880,36990.0,0.0,16210.0,0,4.000,1.314,0.000,0.000,44.856,10.643,0.000,1.314,201.8,384,2026-11-26,ST-073,TR-025,2026-11-25
S-L5-25,S,L5,25,U2,标准层单元,1580,3880,38590.0,0.0,16210.0,0,4.000,1.314,0.000,0.000,44.856,10.643,0.000,1.314,201.8,385,2026-11-26,ST-074,TR-025,2026-11-25
S-L5-26,S,L5,26,U2,标准层单元,1580,3880,40190.0,0.0,16210.0,0,4.000,1.314,0.000,0.000,44.856,10.643,0.000,1.314,201.8,386,2026-11-26,ST-074,TR-025,2026-11-25
S-L5-27,S,L5,27,U2,标准层单元,1580,3880,41790.0,0.0,16210.0,0,4.000,1.314,0.000,0.000,44.856,10.643,0.000,1.314,201.8,387,2026-11-26,ST-074,TR-025,2026-11-25
S-L5-28,S,L5,28,U2,标准层单元,1580,3880,43390.0,0.0,16210.0,0,4.000,1.314,0.000,0.000,44.856,10.643,0.000,1.314,201.8,388,2026-11-27,ST-074,TR-025,2026-11-25
S-L5-29,S,L5,29,U2,标准层单元,1580,3880,44990.0,0.0,16210.0,0,4.000,1.314,0.000,0.000,44.856,10.643,0.000,1.314,201.8,389,2026-11-27,ST-074,TR-025,2026-11-25
S-L5-30,S,L5,30,U2,标准层单元,1580,3880,46590.0,0.0,16210.0,0,4.000,1.314,0.000,0.000,44.856,10.643,0.000,1.314,201.8,390,2026-11-27,ST-074,TR-025,2026-11-25
E-L5-01,E,L5,1,U2,标准层单元,1580,3880,48360.0,190.0,16210.0,90,4.000,1.314,0.000,0.000,44.856,10.643,0.000,1.314,201.8,391,2026-11-27,ST-075,TR-025,2026-11-25
E-L5-02,E,L5,2,U2,标准层单元,1580,3880,48360.0,1790.0,16210.0,90,4.000,1.314,0.000,0.000,44.856,10.643,0.000,1.314,201.8,392,2026-11-27,ST-075,TR-025,2026-11-25
E-L5-03,E,L5,3,U2,标准层单元,1580,3880,48360.0,3390.0,16210.0,90,4.000,1.314,0.000,0.000,44.856,10.643,0.000,1.314,201.8,393,2026-11-27,ST-075,TR-025,2026-11-25
E-L5-04,E,L5,4,U2,标准层单元,1580,3880,48360.0,4990.0,16210.0,90,4.000,1.314,0.000,0.000,44.856,10.643,0.000,1.314,201.8,394,2026-11-27,ST-075,TR-025,2026-11-25
E-L5-05,E,L5,5,U2,标准层单元,1580,3880,48360.0,6590.0,16210.0,90,4.000,1.314,0.000,0.000,44.856,10.643,0.000,1.314,201.8,395,2026-11-27,ST-075,TR-025,2026-11-25
E-L5-06,E,L5,6,U2,标准层单元,1580,3880,48360.0,8190.0,16210.0,90,4.000,1.314,0.000,0.000,44.856,10.643,0.000,1.314,201.8,396,2026-11-27,ST-075,TR-025,2026-11-25
E-L5-07,E,L5,7,U2,标准层单元,1580,3880,48360.0,9790.0,16210.0,90,4.000,1.314,0.000,0.000,44.856,10.643,0.000,1.314,201.8,397,2026-11-27,ST-076,TR-026,2026-11-26
E-L5-08,E,L5,8,U2,标准层单元,1580,3880,48360.0,11390.0,16210.0,90,4.000,1.314,0.000,0.000,44.856,10.643,0.000,1.314,201.8,398,2026-11-27,ST-076,TR-026,2026-11-26
E-L5-09,E,L5,9,U2,标准层单元,1580,3880,48360.0,12990.0,16210.0,90,4.000,1.314,0.000,0.000,44.856,10.643,0.000,1.314,201.8,399,2026-11-27,ST-076,TR-026,2026-11-26
E-L5-10,E,L5,10,U2,标准层单元,1580,3880,48360.0,14590.0,16210.0,90,4.000,1.314,0.000,0.000,44.856,10.643,0.000,1.314,201.8,400,2026-11-27,ST-076,TR-026,2026-11-26
E-L5-11,E,L5,11,U2,标准层单元,1580,3880,48360.0,16190.0,16210.0,90,4.000,1.314,0.000,0.000,44.856,10.643,0.000,1.314,201.8,401,2026-11-27,ST-076,TR-026,2026-11-26
E-L5-12,E,L5,12,U2,标准层单元,1580,3880,48360.0,17790.0,16210.0,90,4.000,1.314,0.000,0.000,44.856,10.643,0.000,1.314,201.8,402,2026-11-27,ST-076,TR-026,2026-11-26
E-L5-13,E,L5,13,U2,标准层单元,1580,3880,48360.0,19390.0,16210.0,90,4.000,1.314,0.000,0.000,44.856,10.643,0.000,1.314,201.8,403,2026-11-27,ST-077,TR-026,2026-11-26
E-L5-14,E,L5,14,U2,标准层单元,1580,3880,48360.0,20990.0,16210.0,90,4.000,1.314,0.000,0.000,44.856,10.643,0.000,1.314,201.8,404,2026-11-27,ST-077,TR-026,2026-11-26
E-L5-15,E,L5,15,U2,标准层单元,1580,3880,48360.0,22590.0,16210.0,90,4.000,1.314,0.000,0.000,44.856,10.643,0.000,1.314,201.8,405,2026-11-27,ST-077,TR-026,2026-11-26
N-L5-01,N,L5,1,U2,标准层单元,1580,3880,48170.0,24360.0,16210.0,180,4.000,1.314,0.000,0.000,44.856,10.643,0.000,1.314,201.8,406,2026-11-27,ST-077,TR-026,2026-11-26
N-L5-02,N,L5,2,U2,标准层单元,1580,3880,46570.0,24360.0,16210.0,180,4.000,1.314,0.000,0.000,44.856,10.643,0.000,1.314,201.8,407,2026-11-27,ST-077,TR-026,2026-11-26
N-L5-03,N,L5,3,U2,标准层单元,1580,3880,44970.0,24360.0,16210.0,180,4.000,1.314,0.000,0.000,44.856,10.643,0.000,1.314,201.8,408,2026-11-28,ST-077,TR-026,2026-11-26
N-L5-04,N,L5,4,U2,标准层单元,1580,3880,43370.0,24360.0,16210.0,180,4.000,1.314,0.000,0.000,44.856,10.643,0.000,1.314,201.8,409,2026-11-28,ST-078,TR-026,2026-11-26
N-L5-05,N,L5,5,U2,标准层单元,1580,3880,41770.0,24360.0,16210.0,180,4.000,1.314,0.000,0.000,44.856,10.643,0.000,1.314,201.8,410,2026-11-28,ST-078,TR-026,2026-11-26
N-L5-06,N,L5,6,U2,标准层单元,1580,3880,40170.0,24360.0,16210.0,180,4.000,1.314,0.000,0.000,44.856,10.643,0.000,1.314,201.8,411,2026-11-28,ST-078,TR-026,2026-11-26
N-L5-07,N,L5,7,U2,标准层单元,1580,3880,38570.0,24360.0,16210.0,180,4.000,1.314,0.000,0.000,44.856,10.643,0.000,1.314,201.8,412,2026-11-28,ST-078,TR-026,2026-11-26
N-L5-08,N,L5,8,U2,标准层单元,1580,3880,36970.0,24360.0,16210.0,180,4.000,1.314,0.000,0.000,44.856,10.643,0.000,1.314,201.8,413,2026-11-28,ST-078,TR-026,2026-11-26
N-L5-09,N,L5,9,U2,标准层单元,1580,3880,35370.0,24360.0,16210.0,180,4.000,1.314,0.000,0.000,44.856,10.643,0.000,1.314,201.8,414,2026-11-28,ST-078,TR-026,2026-11-26
N-L5-10,N,L5,10,U2,标准层单元,1580,3880,33770.0,24360.0,16210.0,180,4.000,1.314,0.000,0.000,44.856,10.643,0.000,1.314,201.8,415,2026-11-28,ST-079,TR-027,2026-11-27
N-L5-11,N,L5,11,U2,标准层单元,1580,3880,32170.0,24360.0,16210.0,180,4.000,1.314,0.000,0.000,44.856,10.643,0.000,1.314,201.8,416,2026-11-28,ST-079,TR-027,2026-11-27
N-L5-12,N,L5,12,U2,标准层单元,1580,3880,30570.0,24360.0,16210.0,180,4.000,1.314,0.000,0.000,44.856,10.643,0.000,1.314,201.8,417,2026-11-28,ST-079,TR-027,2026-11-27
N-L5-13,N,L5,13,U2,标准层单元,1580,3880,28970.0,24360.0,16210.0,180,4.000,1.314,0.000,0.000,44.856,10.643,0.000,1.314,201.8,418,2026-11-28,ST-079,TR-027,2026-11-27
N-L5-14,N,L5,14,U2,标准层单元,1580,3880,27370.0,24360.0,16210.0,180,4.000,1.314,0.000,0.000,44.856,10.643,0.000,1.314,201.8,419,2026-11-28,ST-079,TR-027,2026-11-27
N-L5-15,N,L5,15,U2,标准层单元,1580,3880,25770.0,24360.0,16210.0,180,4.000,1.314,0.000,0.000,44.856,10.643,0.000,1.314,201.8,420,2026-11-28,ST-079,TR-027,2026-11-27
N-L5-16,N,L5,16,U2,标准层单元,1580,3880,24170.0,24360.0,16210.0,180,4.000,1.314,0.000,0.000,44.856,10.643,0.000,1.314,201.8,421,2026-11-28,ST-080,TR-027,2026-11-27
N-L5-17,N,L5,17,U2,标准层单元,1580,3880,22570.0,24360.0,16210.0,180,4.000,1.314,0.000,0.000,44.856,10.643,0.000,1.314,201.8,422,2026-11-28,ST-080,TR-027,2026-11-27
N-L5-18,N,L5,18,U2,标准层单元,1580,3880,20970.0,24360.0,16210.0,180,4.000,1.314,0.000,0.000,44.856,10.643,0.000,1.314,201.8,423,2026-11-28,ST-080,TR-027,2026-11-27
N-L5-19,N,L5,19,U2,标准层单元,1580,3880,19370.0,24360.0,16210.0,180,4.000,1.314,0.000,0.000,44.856,10.643,0.000,1.314,201.8,424,2026-11-28,ST-080,TR-027,2026-11-27
N-L5-20,N,L5,20,U2,标准层单元,1580,3880,17770.0,24360.0,16210.0,180,4.000,1.314,0.000,0.000,44.856,10.643,0.000,1.314,201.8,425,2026-11-28,ST-080,TR-027,2026-11-27
N-L5-21,N,L5,21,U2,标准层单元,1580,3880,16170.0,24360.0,16210.0,180,4.000,1.314,0.000,0.000,44.856,10.643,0.000,1.314,201.8,426,2026-11-28,ST-080,TR-027,2026-11-27
N-L5-22,N,L5,22,U2,标准层单元,1580,3880,14570.0,24360.0,16210.0,180,4.000,1.314,0.000,0.000,44.856,10.643,0.000,1.314,201.8,427,2026-11-28,ST-081,TR-027,2026-11-27
N-L5-23,N,L5,23,U2,标准层单元,1580,3880,12970.0,24360.0,16210.0,180,4.000,1.314,0.000,0.000,44.856,10.643,0.000,1.314,201.8,428,2026-11-30,ST-081,TR-027,2026-11-27
N-L5-24,N,L5,24,U2,标准层单元,1580,3880,11370.0,24360.0,16210.0,180,4.000,1.314,0.000,0.000,44.856,10.643,0.000,1.314,201.8,429,2026-11-30,ST-081,TR-027,2026-11-27
N-L5-25,N,L5,25,U2,标准层单元,1580,3880,9770.0,24360.0,16210.0,180,4.000,1.314,0.000,0.000,44.856,10.643,0.000,1.314,201.8,430,2026-11-30,ST-081,TR-027,2026-11-27
N-L5-26,N,L5,26,U2,标准层单元,1580,3880,8170.0,24360.0,16210.0,180,4.000,1.314,0.000,0.000,44.856,10.643,0.000,1.314,201.8,431,2026-11-30,ST-081,TR-027,2026-11-27
N-L5-27,N,L5,27,U2,标准层单元,1580,3880,6570.0,24360.0,16210.0,180,4.000,1.314,0.000,0.000,44.856,10.643,0.000,1.314,201.8,432,2026-11-30,ST-081,TR-027,2026-11-27
N-L5-28,N,L5,28,U2,标准层单元,1580,3880,4970.0,24360.0,16210.0,180,4.000,1.314,0.000,0.000,44.856,10.643,0.000,1.314,201.8,433,2026-11-30,ST-082,TR-028,2026-11-28
N-L5-29,N,L5,29,U2,标准层单元,1580,3880,3370.0,24360.0,16210.0,180,4.000,1.314,0.000,0.000,44.856,10.643,0.000,1.314,201.8,434,2026-11-30,ST-082,TR-028,2026-11-28
N-L5-30,N,L5,30,U2,标准层单元,1580,3880,1770.0,24360.0,16210.0,180,4.000,1.314,0.000,0.000,44.856,10.643,0.000,1.314,201.8,435,2026-11-30,ST-082,TR-028,2026-11-28
W-L5-01,W,L5,1,U2,标准层单元,1580,3880,0.0,24170.0,16210.0,270,4.000,1.314,0.000,0.000,44.856,10.643,0.000,1.314,201.8,436,2026-11-30,ST-082,TR-028,2026-11-28
W-L5-02,W,L5,2,U2,标准层单元,1580,3880,0.0,22570.0,16210.0,270,4.000,1.314,0.000,0.000,44.856,10.643,0.000,1.314,201.8,437,2026-11-30,ST-082,TR-028,2026-11-28
W-L5-03,W,L5,3,U2,标准层单元,1580,3880,0.0,20970.0,16210.0,270,4.000,1.314,0.000,0.000,44.856,10.643,0.000,1.314,201.8,438,2026-11-30,ST-082,TR-028,2026-11-28
W-L5-04,W,L5,4,U2,标准层单元,1580,3880,0.0,19370.0,16210.0,270,4.000,1.314,0.000,0.000,44.856,10.643,0.000,1.314,201.8,439,2026-11-30,ST-083,TR-028,2026-11-28
W-L5-05,W,L5,5,U2,标准层单元,1580,3880,0.0,17770.0,16210.0,270,4.000,1.314,0.000,0.000,44.856,10.643,0.000,1.314,201.8,440,2026-11-30,ST-083,TR-028,2026-11-28
W-L5-06,W,L5,6,U2,标准层单元,1580,3880,0.0,16170.0,16210.0,270,4.000,1.314,0.000,0.000,44.856,10.643,0.000,1.314,201.8,441,2026-11-30,ST-083,TR-028,2026-11-28
W-L5-07,W,L5,7,U2,标准层单元,1580,3880,0.0,14570.0,16210.0,270,4.000,1.314,0.000,0.000,44.856,10.643,0.000,1.314,201.8,442,2026-11-30,ST-083,TR-028,2026-11-28
W-L5-08,W,L5,8,U2,标准层单元,1580,3880,0.0,12970.0,16210.0,270,4.000,1.314,0.000,0.000,44.856,10.643,0.000,1.314,201.8,443,2026-11-30,ST-083,TR-028,2026-11-28
W-L5-09,W,L5,9,U2,标准层单元,1580,3880,0.0,11370.0,16210.0,270,4.000,1.314,0.000,0.000,44.856,10.643,0.000,1.314,201.8,444,2026-11-30,ST-083,TR-028,2026-11-28
W-L5-10,W,L5,10,U2,标准层单元,1580,3880,0.0,9770.0,16210.0,270,4.000,1.314,0.000,0.000,44.856,10.643,0.000,1.314,201.8,445,2026-11-30,ST-084,TR-028,2026-11-28
W-L5-11,W,L5,11,U2,标准层单元,1580,3880,0.0,8170.0,16210.0,270,4.000,1.314,0.000,0.000,44.856,10.643,0.000,1.314,201.8,446,2026-11-30,ST-084,TR-028,2026-11-28
W-L5-12,W,L5,12,U2,标准层单元,1580,3880,0.0,6570.0,16210.0,270,4.000,1.314,0.000,0.000,44.856,10.643,0.000,1.314,201.8,447,2026-11-30,ST-084,TR-028,2026-11-28
W-L5-13,W,L5,13,U2,标准层单元,1580,3880,0.0,4970.0,16210.0,270,4.000,1.314,0.000,0.000,44.856,10.643,0.000,1.314,201.8,448,2026-12-01,ST-084,TR-028,2026-11-28
W-L5-14,W,L5,14,U2,标准层单元,1580,3880,0.0,3370.0,16210.0,270,4.000,1.314,0.000,0.000,44.856,10.643,0.000,1.314,201.8,449,2026-12-01,ST-084,TR-028,2026-11-28
W-L5-15,W,L5,15,U2,标准层单元,1580,3880,0.0,1770.0,16210.0,270,4.000,1.314,0.000,0.000,44.856,10.643,0.000,1.314,201.8,450,2026-12-01,ST-084,TR-028,2026-11-28
S-L6-01,S,L6,1,U2,标准层单元,1580,3880,190.0,0.0,20110.0,0,4.000,1.314,0.000,0.000,44.856,10.643,0.000,1.314,201.8,451,2026-12-01,ST-085,TR-029,2026-11-30
S-L6-02,S,L6,2,U2,标准层单元,1580,3880,1790.0,0.0,20110.0,0,4.000,1.314,0.000,0.000,44.856,10.643,0.000,1.314,201.8,452,2026-12-01,ST-085,TR-029,2026-11-30
S-L6-03,S,L6,3,U2,标准层单元,1580,3880,3390.0,0.0,20110.0,0,4.000,1.314,0.000,0.000,44.856,10.643,0.000,1.314,201.8,453,2026-12-01,ST-085,TR-029,2026-11-30
S-L6-04,S,L6,4,U2,标准层单元,1580,3880,4990.0,0.0,20110.0,0,4.000,1.314,0.000,0.000,44.856,10.643,0.000,1.314,201.8,454,2026-12-01,ST-085,TR-029,2026-11-30
S-L6-05,S,L6,5,U2,标准层单元,1580,3880,6590.0,0.0,20110.0,0,4.000,1.314,0.000,0.000,44.856,10.643,0.000,1.314,201.8,455,2026-12-01,ST-085,TR-029,2026-11-30
S-L6-06,S,L6,6,U2,标准层单元,1580,3880,8190.0,0.0,20110.0,0,4.000,1.314,0.000,0.000,44.856,10.643,0.000,1.314,201.8,456,2026-12-01,ST-085,TR-029,2026-11-30
S-L6-07,S,L6,7,U2,标准层单元,1580,3880,9790.0,0.0,20110.0,0,4.000,1.314,0.000,0.000,44.856,10.643,0.000,1.314,201.8,457,2026-12-01,ST-086,TR-029,2026-11-30
S-L6-08,S,L6,8,U2,标准层单元,1580,3880,11390.0,0.0,20110.0,0,4.000,1.314,0.000,0.000,44.856,10.643,0.000,1.314,201.8,458,2026-12-01,ST-086,TR-029,2026-11-30
S-L6-09,S,L6,9,U2,标准层单元,1580,3880,12990.0,0.0,20110.0,0,4.000,1.314,0.000,0.000,44.856,10.643,0.000,1.314,201.8,459,2026-12-01,ST-086,TR-029,2026-11-30
S-L6-10,S,L6,10,U2,标准层单元,1580,3880,14590.0,0.0,20110.0,0,4.000,1.314,0.000,0.000,44.856,10.643,0.000,1.314,201.8,460,2026-12-01,ST-086,TR-029,2026-11-30
S-L6-11,S,L6,11,U2,标准层单元,1580,3880,16190.0,0.0,20110.0,0,4.000,1.314,0.000,0.000,44.856,10.643,0.000,1.314,201.8,461,2026-12-01,ST-086,TR-029,2026-11-30
S-L6-12,S,L6,12,U2,标准层单元,1580,3880,17790.0,0.0,20110.0,0,4.000,1.314,0.000,0.000,44.856,10.643,0.000,1.314,201.8,462,2026-12-01,ST-086,TR-029,2026-11-30
S-L6-13,S,L6,13,U2,标准层单元,1580,3880,19390.0,0.0,20110.0,0,4.000,1.314,0.000,0.000,44.856,10.643,0.000,1.314,201.8,463,2026-12-01,ST-087,TR-029,2026-11-30
S-L6-14,S,L6,14,U2,标准层单元,1580,3880,20990.0,0.0,20110.0,0,4.000,1.314,0.000,0.000,44.856,10.643,0.000,1.314,201.8,464,2026-12-01,ST-087,TR-029,2026-11-30
S-L6-15,S,L6,15,U2,标准层单元,1580,3880,22590.0,0.0,20110.0,0,4.000,1.314,0.000,0.000,44.856,10.643,0.000,1.314,201.8,465,2026-12-01,ST-087,TR-029,2026-11-30
S-L6-16,S,L6,16,U2,标准层单元,1580,3880,24190.0,0.0,20110.0,0,4.000,1.314,0.000,0.000,44.856,10.643,0.000,1.314,201.8,466,2026-12-01,ST-087,TR-029,2026-11-30
S-L6-17,S,L6,17,U2,标准层单元,1580,3880,25790.0,0.0,20110.0,0,4.000,1.314,0.000,0.000,44.856,10.643,0.000,1.314,201.8,467,2026-12-01,ST-087,TR-029,2026-11-30
S-L6-18,S,L6,18,U2,标准层单元,1580,3880,27390.0,0.0,20110.0,0,4.000,1.314,0.000,0.000,44.856,10.643,0.000,1.314,201.8,468,2026-12-02,ST-087,TR-029,2026-11-30
S-L6-19,S,L6,19,U2,标准层单元,1580,3880,28990.0,0.0,20110.0,0,4.000,1.314,0.000,0.000,44.856,10.643,0.000,1.314,201.8,469,2026-12-02,ST-088,TR-030,2026-12-01
S-L6-20,S,L6,20,U2,标准层单元,1580,3880,30590.0,0.0,20110.0,0,4.000,1.314,0.000,0.000,44.856,10.643,0.000,1.314,201.8,470,2026-12-02,ST-088,TR-030,2026-12-01
S-L6-21,S,L6,21,U2,标准层单元,1580,3880,32190.0,0.0,20110.0,0,4.000,1.314,0.000,0.000,44.856,10.643,0.000,1.314,201.8,471,2026-12-02,ST-088,TR-030,2026-12-01
S-L6-22,S,L6,22,U2,标准层单元,1580,3880,33790.0,0.0,20110.0,0,4.000,1.314,0.000,0.000,44.856,10.643,0.000,1.314,201.8,472,2026-12-02,ST-088,TR-030,2026-12-01
S-L6-23,S,L6,23,U2,标准层单元,1580,3880,35390.0,0.0,20110.0,0,4.000,1.314,0.000,0.000,44.856,10.643,0.000,1.314,201.8,473,2026-12-02,ST-088,TR-030,2026-12-01
S-L6-24,S,L6,24,U2,标准层单元,1580,3880,36990.0,0.0,20110.0,0,4.000,1.314,0.000,0.000,44.856,10.643,0.000,1.314,201.8,474,2026-12-02,ST-088,TR-030,2026-12-01
S-L6-25,S,L6,25,U2,标准层单元,1580,3880,38590.0,0.0,20110.0,0,4.000,1.314,0.000,0.000,44.856,10.643,0.000,1.314,201.8,475,2026-12-02,ST-089,TR-030,2026-12-01
S-L6-26,S,L6,26,U2,标准层单元,1580,3880,40190.0,0.0,20110.0,0,4.000,1.314,0.000,0.000,44.856,10.643,0.000,1.314,201.8,476,2026-12-02,ST-089,TR-030,2026-12-01
S-L6-27,S,L6,27,U2,标准层单元,1580,3880,41790.0,0.0,20110.0,0,4.000,1.314,0.000,0.000,44.856,10.643,0.000,1.314,201.8,477,2026-12-02,ST-089,TR-030,2026-12-01
S-L6-28,S,L6,28,U2,标准层单元,1580,3880,43390.0,0.0,20110.0,0,4.000,1.314,0.000,0.000,44.856,10.643,0.000,1.314,201.8,478,2026-12-02,ST-089,TR-030,2026-12-01
S-L6-29,S,L6,29,U2,标准层单元,1580,3880,44990.0,0.0,20110.0,0,4.000,1.314,0.000,0.000,44.856,10.643,0.000,1.314,201.8,479,2026-12-02,ST-089,TR-030,2026-12-01
S-L6-30,S,L6,30,U2,标准层单元,1580,3880,46590.0,0.0,20110.0,0,4.000,1.314,0.000,0.000,44.856,10.643,0.000,1.314,201.8,480,2026-12-02,ST-089,TR-030,2026-12-01
E-L6-01,E,L6,1,U2,标准层单元,1580,3880,48360.0,190.0,20110.0,90,4.000,1.314,0.000,0.000,44.856,10.643,0.000,1.314,201.8,481,2026-12-02,ST-090,TR-030,2026-12-01
E-L6-02,E,L6,2,U2,标准层单元,1580,3880,48360.0,1790.0,20110.0,90,4.000,1.314,0.000,0.000,44.856,10.643,0.000,1.314,201.8,482,2026-12-02,ST-090,TR-030,2026-12-01
E-L6-03,E,L6,3,U2,标准层单元,1580,3880,48360.0,3390.0,20110.0,90,4.000,1.314,0.000,0.000,44.856,10.643,0.000,1.314,201.8,483,2026-12-02,ST-090,TR-030,2026-12-01
E-L6-04,E,L6,4,U2,标准层单元,1580,3880,48360.0,4990.0,20110.0,90,4.000,1.314,0.000,0.000,44.856,10.643,0.000,1.314,201.8,484,2026-12-02,ST-090,TR-030,2026-12-01
E-L6-05,E,L6,5,U2,标准层单元,1580,3880,48360.0,6590.0,20110.0,90,4.000,1.314,0.000,0.000,44.856,10.643,0.000,1.314,201.8,485,2026-12-02,ST-090,TR-030,2026-12-01
E-L6-06,E,L6,6,U2,标准层单元,1580,3880,48360.0,8190.0,20110.0,90,4.000,1.314,0.000,0.000,44.856,10.643,0.000,1.314,201.8,486,2026-12-02,ST-090,TR-030,2026-12-01
E-L6-07,E,L6,7,U2,标准层单元,1580,3880,48360.0,9790.0,20110.0,90,4.000,1.314,0.000,0.000,44.856,10.643,0.000,1.314,201.8,487,2026-12-02,ST-091,TR-031,2026-12-01
E-L6-08,E,L6,8,U2,标准层单元,1580,3880,48360.0,11390.0,20110.0,90,4.000,1.314,0.000,0.000,44.856,10.643,0.000,1.314,201.8,488,2026-12-03,ST-091,TR-031,2026-12-01
E-L6-09,E,L6,9,U2,标准层单元,1580,3880,48360.0,12990.0,20110.0,90,4.000,1.314,0.000,0.000,44.856,10.643,0.000,1.314,201.8,489,2026-12-03,ST-091,TR-031,2026-12-01
E-L6-10,E,L6,10,U2,标准层单元,1580,3880,48360.0,14590.0,20110.0,90,4.000,1.314,0.000,0.000,44.856,10.643,0.000,1.314,201.8,490,2026-12-03,ST-091,TR-031,2026-12-01
E-L6-11,E,L6,11,U2,标准层单元,1580,3880,48360.0,16190.0,20110.0,90,4.000,1.314,0.000,0.000,44.856,10.643,0.000,1.314,201.8,491,2026-12-03,ST-091,TR-031,2026-12-01
E-L6-12,E,L6,12,U2,标准层单元,1580,3880,48360.0,17790.0,20110.0,90,4.000,1.314,0.000,0.000,44.856,10.643,0.000,1.314,201.8,492,2026-12-03,ST-091,TR-031,2026-12-01
E-L6-13,E,L6,13,U2,标准层单元,1580,3880,48360.0,19390.0,20110.0,90,4.000,1.314,0.000,0.000,44.856,10.643,0.000,1.314,201.8,493,2026-12-03,ST-092,TR-031,2026-12-01
E-L6-14,E,L6,14,U2,标准层单元,1580,3880,48360.0,20990.0,20110.0,90,4.000,1.314,0.000,0.000,44.856,10.643,0.000,1.314,201.8,494,2026-12-03,ST-092,TR-031,2026-12-01
E-L6-15,E,L6,15,U2,标准层单元,1580,3880,48360.0,22590.0,20110.0,90,4.000,1.314,0.000,0.000,44.856,10.643,0.000,1.314,201.8,495,2026-12-03,ST-092,TR-031,2026-12-01
N-L6-01,N,L6,1,U2,标准层单元,1580,3880,48170.0,24360.0,20110.0,180,4.000,1.314,0.000,0.000,44.856,10.643,0.000,1.314,201.8,496,2026-12-03,ST-092,TR-031,2026-12-01
N-L6-02,N,L6,2,U2,标准层单元,1580,3880,46570.0,24360.0,20110.0,180,4.000,1.314,0.000,0.000,44.856,10.643,0.000,1.314,201.8,497,2026-12-03,ST-092,TR-031,2026-12-01
N-L6-03,N,L6,3,U2,标准层单元,1580,3880,44970.0,24360.0,20110.0,180,4.000,1.314,0.000,0.000,44.856,10.643,0.000,1.314,201.8,498,2026-12-03,ST-092,TR-031,2026-12-01
N-L6-04,N,L6,4,U2,标准层单元,1580,3880,43370.0,24360.0,20110.0,180,4.000,1.314,0.000,0.000,44.856,10.643,0.000,1.314,201.8,499,2026-12-03,ST-093,TR-031,2026-12-01
N-L6-05,N,L6,5,U2,标准层单元,1580,3880,41770.0,24360.0,20110.0,180,4.000,1.314,0.000,0.000,44.856,10.643,0.000,1.314,201.8,500,2026-12-03,ST-093,TR-031,2026-12-01
N-L6-06,N,L6,6,U2,标准层单元,1580,3880,40170.0,24360.0,20110.0,180,4.000,1.314,0.000,0.000,44.856,10.643,0.000,1.314,201.8,501,2026-12-03,ST-093,TR-031,2026-12-01
N-L6-07,N,L6,7,U2,标准层单元,1580,3880,38570.0,24360.0,20110.0,180,4.000,1.314,0.000,0.000,44.856,10.643,0.000,1.314,201.8,502,2026-12-03,ST-093,TR-031,2026-12-01
N-L6-08,N,L6,8,U2,标准层单元,1580,3880,36970.0,24360.0,20110.0,180,4.000,1.314,0.000,0.000,44.856,10.643,0.000,1.314,201.8,503,2026-12-03,ST-093,TR-031,2026-12-01
N-L6-09,N,L6,9,U2,标准层单元,1580,3880,35370.0,24360.0,20110.0,180,4.000,1.314,0.000,0.000,44.856,10.643,0.000,1.314,201.8,504,2026-12-03,ST-093,TR-031,2026-12-01
N-L6-10,N,L6,10,U2,标准层单元,1580,3880,33770.0,24360.0,20110.0,180,4.000,1.314,0.000,0.000,44.856,10.643,0.000,1.314,201.8,505,2026-12-03,ST-094,TR-032,2026-12-02
N-L6-11,N,L6,11,U2,标准层单元,1580,3880,32170.0,24360.0,20110.0,180,4.000,1.314,0.000,0.000,44.856,10.643,0.000,1.314,201.8,506,2026-12-03,ST-094,TR-032,2026-12-02
N-L6-12,N,L6,12,U2,标准层单元,1580,3880,30570.0,24360.0,20110.0,180,4.000,1.314,0.000,0.000,44.856,10.643,0.000,1.314,201.8,507,2026-12-03,ST-094,TR-032,2026-12-02
N-L6-13,N,L6,13,U2,标准层单元,1580,3880,28970.0,24360.0,20110.0,180,4.000,1.314,0.000,0.000,44.856,10.643,0.000,1.314,201.8,508,2026-12-04,ST-094,TR-032,2026-12-02
N-L6-14,N,L6,14,U2,标准层单元,1580,3880,27370.0,24360.0,20110.0,180,4.000,1.314,0.000,0.000,44.856,10.643,0.000,1.314,201.8,509,2026-12-04,ST-094,TR-032,2026-12-02
N-L6-15,N,L6,15,U2,标准层单元,1580,3880,25770.0,24360.0,20110.0,180,4.000,1.314,0.000,0.000,44.856,10.643,0.000,1.314,201.8,510,2026-12-04,ST-094,TR-032,2026-12-02
N-L6-16,N,L6,16,U2,标准层单元,1580,3880,24170.0,24360.0,20110.0,180,4.000,1.314,0.000,0.000,44.856,10.643,0.000,1.314,201.8,511,2026-12-04,ST-095,TR-032,2026-12-02
N-L6-17,N,L6,17,U2,标准层单元,1580,3880,22570.0,24360.0,20110.0,180,4.000,1.314,0.000,0.000,44.856,10.643,0.000,1.314,201.8,512,2026-12-04,ST-095,TR-032,2026-12-02
N-L6-18,N,L6,18,U2,标准层单元,1580,3880,20970.0,24360.0,20110.0,180,4.000,1.314,0.000,0.000,44.856,10.643,0.000,1.314,201.8,513,2026-12-04,ST-095,TR-032,2026-12-02
N-L6-19,N,L6,19,U2,标准层单元,1580,3880,19370.0,24360.0,20110.0,180,4.000,1.314,0.000,0.000,44.856,10.643,0.000,1.314,201.8,514,2026-12-04,ST-095,TR-032,2026-12-02
N-L6-20,N,L6,20,U2,标准层单元,1580,3880,17770.0,24360.0,20110.0,180,4.000,1.314,0.000,0.000,44.856,10.643,0.000,1.314,201.8,515,2026-12-04,ST-095,TR-032,2026-12-02
N-L6-21,N,L6,21,U2,标准层单元,1580,3880,16170.0,24360.0,20110.0,180,4.000,1.314,0.000,0.000,44.856,10.643,0.000,1.314,201.8,516,2026-12-04,ST-095,TR-032,2026-12-02
N-L6-22,N,L6,22,U2,标准层单元,1580,3880,14570.0,24360.0,20110.0,180,4.000,1.314,0.000,0.000,44.856,10.643,0.000,1.314,201.8,517,2026-12-04,ST-096,TR-032,2026-12-02
N-L6-23,N,L6,23,U2,标准层单元,1580,3880,12970.0,24360.0,20110.0,180,4.000,1.314,0.000,0.000,44.856,10.643,0.000,1.314,201.8,518,2026-12-04,ST-096,TR-032,2026-12-02
N-L6-24,N,L6,24,U2,标准层单元,1580,3880,11370.0,24360.0,20110.0,180,4.000,1.314,0.000,0.000,44.856,10.643,0.000,1.314,201.8,519,2026-12-04,ST-096,TR-032,2026-12-02
N-L6-25,N,L6,25,U2,标准层单元,1580,3880,9770.0,24360.0,20110.0,180,4.000,1.314,0.000,0.000,44.856,10.643,0.000,1.314,201.8,520,2026-12-04,ST-096,TR-032,2026-12-02
N-L6-26,N,L6,26,U2,标准层单元,1580,3880,8170.0,24360.0,20110.0,180,4.000,1.314,0.000,0.000,44.856,10.643,0.000,1.314,201.8,521,2026-12-04,ST-096,TR-032,2026-12-02
N-L6-27,N,L6,27,U2,标准层单元,1580,3880,6570.0,24360.0,20110.0,180,4.000,1.314,0.000,0.000,44.856,10.643,0.000,1.314,201.8,522,2026-12-04,ST-096,TR-032,2026-12-02
N-L6-28,N,L6,28,U2,标准层单元,1580,3880,4970.0,24360.0,20110.0,180,4.000,1.314,0.000,0.000,44.856,10.643,0.000,1.314,201.8,523,2026-12-04,ST-097,TR-033,2026-12-03
N-L6-29,N,L6,29,U2,标准层单元,1580,3880,3370.0,24360.0,20110.0,180,4.000,1.314,0.000,0.000,44.856,10.643,0.000,1.314,201.8,524,2026-12-04,ST-097,TR-033,2026-12-03
N-L6-30,N,L6,30,U2,标准层单元,1580,3880,1770.0,24360.0,20110.0,180,4.000,1.314,0.000,0.000,44.856,10.643,0.000,1.314,201.8,525,2026-12-04,ST-097,TR-033,2026-12-03
W-L6-01,W,L6,1,U2,标准层单元,1580,3880,0.0,24170.0,20110.0,270,4.000,1.314,0.000,0.000,44.856,10.643,0.000,1.314,201.8,526,2026-12-04,ST-097,TR-033,2026-12-03
W-L6-02,W,L6,2,U2,标准层单元,1580,3880,0.0,22570.0,20110.0,270,4.000,1.314,0.000,0.000,44.856,10.643,0.000,1.314,201.8,527,2026-12-04,ST-097,TR-033,2026-12-03
W-L6-03,W,L6,3,U2,标准层单元,1580,3880,0.0,20970.0,20110.0,270,4.000,1.314,0.000,0.000,44.856,10.643,0.000,1.314,201.8,528,2026-12-05,ST-097,TR-033,2026-12-03
W-L6-04,W,L6,4,U2,标准层单元,1580,3880,0.0,19370.0,20110.0,270,4.000,1.314,0.000,0.000,44.856,10.643,0.000,1.314,201.8,529,2026-12-05,ST-098,TR-033,2026-12-03
W-L6-05,W,L6,5,U2,标准层单元,1580,3880,0.0,17770.0,20110.0,270,4.000,1.314,0.000,0.000,44.856,10.643,0.000,1.314,201.8,530,2026-12-05,ST-098,TR-033,2026-12-03
W-L6-06,W,L6,6,U2,标准层单元,1580,3880,0.0,16170.0,20110.0,270,4.000,1.314,0.000,0.000,44.856,10.643,0.000,1.314,201.8,531,2026-12-05,ST-098,TR-033,2026-12-03
W-L6-07,W,L6,7,U2,标准层单元,1580,3880,0.0,14570.0,20110.0,270,4.000,1.314,0.000,0.000,44.856,10.643,0.000,1.314,201.8,532,2026-12-05,ST-098,TR-033,2026-12-03
W-L6-08,W,L6,8,U2,标准层单元,1580,3880,0.0,12970.0,20110.0,270,4.000,1.314,0.000,0.000,44.856,10.643,0.000,1.314,201.8,533,2026-12-05,ST-098,TR-033,2026-12-03
W-L6-09,W,L6,9,U2,标准层单元,1580,3880,0.0,11370.0,20110.0,270,4.000,1.314,0.000,0.000,44.856,10.643,0.000,1.314,201.8,534,2026-12-05,ST-098,TR-033,2026-12-03
W-L6-10,W,L6,10,U2,标准层单元,1580,3880,0.0,9770.0,20110.0,270,4.000,1.314,0.000,0.000,44.856,10.643,0.000,1.314,201.8,535,2026-12-05,ST-099,TR-033,2026-12-03
W-L6-11,W,L6,11,U2,标准层单元,1580,3880,0.0,8170.0,20110.0,270,4.000,1.314,0.000,0.000,44.856,10.643,0.000,1.314,201.8,536,2026-12-05,ST-099,TR-033,2026-12-03
W-L6-12,W,L6,12,U2,标准层单元,1580,3880,0.0,6570.0,20110.0,270,4.000,1.314,0.000,0.000,44.856,10.643,0.000,1.314,201.8,537,2026-12-05,ST-099,TR-033,2026-12-03
W-L6-13,W,L6,13,U2,标准层单元,1580,3880,0.0,4970.0,20110.0,270,4.000,1.314,0.000,0.000,44.856,10.643,0.000,1.314,201.8,538,2026-12-05,ST-099,TR-033,2026-12-03
W-L6-14,W,L6,14,U2,标准层单元,1580,3880,0.0,3370.0,20110.0,270,4.000,1.314,0.000,0.000,44.856,10.643,0.000,1.314,201.8,539,2026-12-05,ST-099,TR-033,2026-12-03
W-L6-15,W,L6,15,U2,标准层单元,1580,3880,0.0,1770.0,20110.0,270,4.000,1.314,0.000,0.000,44.856,10.643,0.000,1.314,201.8,540,2026-12-05,ST-099,TR-033,2026-12-03
S-L7-01,S,L7,1,U2,标准层单元,1580,3880,190.0,0.0,24010.0,0,4.000,1.314,0.000,0.000,44.856,10.643,0.000,1.314,201.8,541,2026-12-05,ST-100,TR-034,2026-12-04
S-L7-02,S,L7,2,U2,标准层单元,1580,3880,1790.0,0.0,24010.0,0,4.000,1.314,0.000,0.000,44.856,10.643,0.000,1.314,201.8,542,2026-12-05,ST-100,TR-034,2026-12-04
S-L7-03,S,L7,3,U2,标准层单元,1580,3880,3390.0,0.0,24010.0,0,4.000,1.314,0.000,0.000,44.856,10.643,0.000,1.314,201.8,543,2026-12-05,ST-100,TR-034,2026-12-04
S-L7-04,S,L7,4,U2,标准层单元,1580,3880,4990.0,0.0,24010.0,0,4.000,1.314,0.000,0.000,44.856,10.643,0.000,1.314,201.8,544,2026-12-05,ST-100,TR-034,2026-12-04
S-L7-05,S,L7,5,U2,标准层单元,1580,3880,6590.0,0.0,24010.0,0,4.000,1.314,0.000,0.000,44.856,10.643,0.000,1.314,201.8,545,2026-12-05,ST-100,TR-034,2026-12-04
S-L7-06,S,L7,6,U2,标准层单元,1580,3880,8190.0,0.0,24010.0,0,4.000,1.314,0.000,0.000,44.856,10.643,0.000,1.314,201.8,546,2026-12-05,ST-100,TR-034,2026-12-04
S-L7-07,S,L7,7,U2,标准层单元,1580,3880,9790.0,0.0,24010.0,0,4.000,1.314,0.000,0.000,44.856,10.643,0.000,1.314,201.8,547,2026-12-05,ST-101,TR-034,2026-12-04
S-L7-08,S,L7,8,U2,标准层单元,1580,3880,11390.0,0.0,24010.0,0,4.000,1.314,0.000,0.000,44.856,10.643,0.000,1.314,201.8,548,2026-12-07,ST-101,TR-034,2026-12-04
S-L7-09,S,L7,9,U2,标准层单元,1580,3880,12990.0,0.0,24010.0,0,4.000,1.314,0.000,0.000,44.856,10.643,0.000,1.314,201.8,549,2026-12-07,ST-101,TR-034,2026-12-04
S-L7-10,S,L7,10,U2,标准层单元,1580,3880,14590.0,0.0,24010.0,0,4.000,1.314,0.000,0.000,44.856,10.643,0.000,1.314,201.8,550,2026-12-07,ST-101,TR-034,2026-12-04
S-L7-11,S,L7,11,U2,标准层单元,1580,3880,16190.0,0.0,24010.0,0,4.000,1.314,0.000,0.000,44.856,10.643,0.000,1.314,201.8,551,2026-12-07,ST-101,TR-034,2026-12-04
S-L7-12,S,L7,12,U2,标准层单元,1580,3880,17790.0,0.0,24010.0,0,4.000,1.314,0.000,0.000,44.856,10.643,0.000,1.314,201.8,552,2026-12-07,ST-101,TR-034,2026-12-04
S-L7-13,S,L7,13,U2,标准层单元,1580,3880,19390.0,0.0,24010.0,0,4.000,1.314,0.000,0.000,44.856,10.643,0.000,1.314,201.8,553,2026-12-07,ST-102,TR-034,2026-12-04
S-L7-14,S,L7,14,U2,标准层单元,1580,3880,20990.0,0.0,24010.0,0,4.000,1.314,0.000,0.000,44.856,10.643,0.000,1.314,201.8,554,2026-12-07,ST-102,TR-034,2026-12-04
S-L7-15,S,L7,15,U2,标准层单元,1580,3880,22590.0,0.0,24010.0,0,4.000,1.314,0.000,0.000,44.856,10.643,0.000,1.314,201.8,555,2026-12-07,ST-102,TR-034,2026-12-04
S-L7-16,S,L7,16,U2,标准层单元,1580,3880,24190.0,0.0,24010.0,0,4.000,1.314,0.000,0.000,44.856,10.643,0.000,1.314,201.8,556,2026-12-07,ST-102,TR-034,2026-12-04
S-L7-17,S,L7,17,U2,标准层单元,1580,3880,25790.0,0.0,24010.0,0,4.000,1.314,0.000,0.000,44.856,10.643,0.000,1.314,201.8,557,2026-12-07,ST-102,TR-034,2026-12-04
S-L7-18,S,L7,18,U2,标准层单元,1580,3880,27390.0,0.0,24010.0,0,4.000,1.314,0.000,0.000,44.856,10.643,0.000,1.314,201.8,558,2026-12-07,ST-102,TR-034,2026-12-04
S-L7-19,S,L7,19,U2,标准层单元,1580,3880,28990.0,0.0,24010.0,0,4.000,1.314,0.000,0.000,44.856,10.643,0.000,1.314,201.8,559,2026-12-07,ST-103,TR-035,2026-12-05
S-L7-20,S,L7,20,U2,标准层单元,1580,3880,30590.0,0.0,24010.0,0,4.000,1.314,0.000,0.000,44.856,10.643,0.000,1.314,201.8,560,2026-12-07,ST-103,TR-035,2026-12-05
S-L7-21,S,L7,21,U2,标准层单元,1580,3880,32190.0,0.0,24010.0,0,4.000,1.314,0.000,0.000,44.856,10.643,0.000,1.314,201.8,561,2026-12-07,ST-103,TR-035,2026-12-05
S-L7-22,S,L7,22,U2,标准层单元,1580,3880,33790.0,0.0,24010.0,0,4.000,1.314,0.000,0.000,44.856,10.643,0.000,1.314,201.8,562,2026-12-07,ST-103,TR-035,2026-12-05
S-L7-23,S,L7,23,U2,标准层单元,1580,3880,35390.0,0.0,24010.0,0,4.000,1.314,0.000,0.000,44.856,10.643,0.000,1.314,201.8,563,2026-12-07,ST-103,TR-035,2026-12-05
S-L7-24,S,L7,24,U2,标准层单元,1580,3880,36990.0,0.0,24010.0,0,4.000,1.314,0.000,0.000,44.856,10.643,0.000,1.314,201.8,564,2026-12-07,ST-103,TR-035,2026-12-05
S-L7-25,S,L7,25,U2,标准层单元,1580,3880,38590.0,0.0,24010.0,0,4.000,1.314,0.000,0.000,44.856,10.643,0.000,1.314,201.8,565,2026-12-07,ST-104,TR-035,2026-12-05
S-L7-26,S,L7,26,U2,标准层单元,1580,3880,40190.0,0.0,24010.0,0,4.000,1.314,0.000,0.000,44.856,10.643,0.000,1.314,201.8,566,2026-12-07,ST-104,TR-035,2026-12-05
S-L7-27,S,L7,27,U2,标准层单元,1580,3880,41790.0,0.0,24010.0,0,4.000,1.314,0.000,0.000,44.856,10.643,0.000,1.314,201.8,567,2026-12-07,ST-104,TR-035,2026-12-05
S-L7-28,S,L7,28,U2,标准层单元,1580,3880,43390.0,0.0,24010.0,0,4.000,1.314,0.000,0.000,44.856,10.643,0.000,1.314,201.8,568,2026-12-08,ST-104,TR-035,2026-12-05
S-L7-29,S,L7,29,U2,标准层单元,1580,3880,44990.0,0.0,24010.0,0,4.000,1.314,0.000,0.000,44.856,10.643,0.000,1.314,201.8,569,2026-12-08,ST-104,TR-035,2026-12-05
S-L7-30,S,L7,30,U2,标准层单元,1580,3880,46590.0,0.0,24010.0,0,4.000,1.314,0.000,0.000,44.856,10.643,0.000,1.314,201.8,570,2026-12-08,ST-104,TR-035,2026-12-05
E-L7-01,E,L7,1,U2,标准层单元,1580,3880,48360.0,190.0,24010.0,90,4.000,1.314,0.000,0.000,44.856,10.643,0.000,1.314,201.8,571,2026-12-08,ST-105,TR-035,2026-12-05
E-L7-02,E,L7,2,U2,标准层单元,1580,3880,48360.0,1790.0,24010.0,90,4.000,1.314,0.000,0.000,44.856,10.643,0.000,1.314,201.8,572,2026-12-08,ST-105,TR-035,2026-12-05
E-L7-03,E,L7,3,U2,标准层单元,1580,3880,48360.0,3390.0,24010.0,90,4.000,1.314,0.000,0.000,44.856,10.643,0.000,1.314,201.8,573,2026-12-08,ST-105,TR-035,2026-12-05
E-L7-04,E,L7,4,U2,标准层单元,1580,3880,48360.0,4990.0,24010.0,90,4.000,1.314,0.000,0.000,44.856,10.643,0.000,1.314,201.8,574,2026-12-08,ST-105,TR-035,2026-12-05
E-L7-05,E,L7,5,U2,标准层单元,1580,3880,48360.0,6590.0,24010.0,90,4.000,1.314,0.000,0.000,44.856,10.643,0.000,1.314,201.8,575,2026-12-08,ST-105,TR-035,2026-12-05
E-L7-06,E,L7,6,U2,标准层单元,1580,3880,48360.0,8190.0,24010.0,90,4.000,1.314,0.000,0.000,44.856,10.643,0.000,1.314,201.8,576,2026-12-08,ST-105,TR-035,2026-12-05
E-L7-07,E,L7,7,U2,标准层单元,1580,3880,48360.0,9790.0,24010.0,90,4.000,1.314,0.000,0.000,44.856,10.643,0.000,1.314,201.8,577,2026-12-08,ST-106,TR-036,2026-12-07
E-L7-08,E,L7,8,U2,标准层单元,1580,3880,48360.0,11390.0,24010.0,90,4.000,1.314,0.000,0.000,44.856,10.643,0.000,1.314,201.8,578,2026-12-08,ST-106,TR-036,2026-12-07
E-L7-09,E,L7,9,U2,标准层单元,1580,3880,48360.0,12990.0,24010.0,90,4.000,1.314,0.000,0.000,44.856,10.643,0.000,1.314,201.8,579,2026-12-08,ST-106,TR-036,2026-12-07
E-L7-10,E,L7,10,U2,标准层单元,1580,3880,48360.0,14590.0,24010.0,90,4.000,1.314,0.000,0.000,44.856,10.643,0.000,1.314,201.8,580,2026-12-08,ST-106,TR-036,2026-12-07
E-L7-11,E,L7,11,U2,标准层单元,1580,3880,48360.0,16190.0,24010.0,90,4.000,1.314,0.000,0.000,44.856,10.643,0.000,1.314,201.8,581,2026-12-08,ST-106,TR-036,2026-12-07
E-L7-12,E,L7,12,U2,标准层单元,1580,3880,48360.0,17790.0,24010.0,90,4.000,1.314,0.000,0.000,44.856,10.643,0.000,1.314,201.8,582,2026-12-08,ST-106,TR-036,2026-12-07
E-L7-13,E,L7,13,U2,标准层单元,1580,3880,48360.0,19390.0,24010.0,90,4.000,1.314,0.000,0.000,44.856,10.643,0.000,1.314,201.8,583,2026-12-08,ST-107,TR-036,2026-12-07
E-L7-14,E,L7,14,U2,标准层单元,1580,3880,48360.0,20990.0,24010.0,90,4.000,1.314,0.000,0.000,44.856,10.643,0.000,1.314,201.8,584,2026-12-08,ST-107,TR-036,2026-12-07
E-L7-15,E,L7,15,U2,标准层单元,1580,3880,48360.0,22590.0,24010.0,90,4.000,1.314,0.000,0.000,44.856,10.643,0.000,1.314,201.8,585,2026-12-08,ST-107,TR-036,2026-12-07
N-L7-01,N,L7,1,U2,标准层单元,1580,3880,48170.0,24360.0,24010.0,180,4.000,1.314,0.000,0.000,44.856,10.643,0.000,1.314,201.8,586,2026-12-08,ST-107,TR-036,2026-12-07
N-L7-02,N,L7,2,U2,标准层单元,1580,3880,46570.0,24360.0,24010.0,180,4.000,1.314,0.000,0.000,44.856,10.643,0.000,1.314,201.8,587,2026-12-08,ST-107,TR-036,2026-12-07
N-L7-03,N,L7,3,U2,标准层单元,1580,3880,44970.0,24360.0,24010.0,180,4.000,1.314,0.000,0.000,44.856,10.643,0.000,1.314,201.8,588,2026-12-09,ST-107,TR-036,2026-12-07
N-L7-04,N,L7,4,U2,标准层单元,1580,3880,43370.0,24360.0,24010.0,180,4.000,1.314,0.000,0.000,44.856,10.643,0.000,1.314,201.8,589,2026-12-09,ST-108,TR-036,2026-12-07
N-L7-05,N,L7,5,U2,标准层单元,1580,3880,41770.0,24360.0,24010.0,180,4.000,1.314,0.000,0.000,44.856,10.643,0.000,1.314,201.8,590,2026-12-09,ST-108,TR-036,2026-12-07
N-L7-06,N,L7,6,U2,标准层单元,1580,3880,40170.0,24360.0,24010.0,180,4.000,1.314,0.000,0.000,44.856,10.643,0.000,1.314,201.8,591,2026-12-09,ST-108,TR-036,2026-12-07
N-L7-07,N,L7,7,U2,标准层单元,1580,3880,38570.0,24360.0,24010.0,180,4.000,1.314,0.000,0.000,44.856,10.643,0.000,1.314,201.8,592,2026-12-09,ST-108,TR-036,2026-12-07
N-L7-08,N,L7,8,U2,标准层单元,1580,3880,36970.0,24360.0,24010.0,180,4.000,1.314,0.000,0.000,44.856,10.643,0.000,1.314,201.8,593,2026-12-09,ST-108,TR-036,2026-12-07
N-L7-09,N,L7,9,U2,标准层单元,1580,3880,35370.0,24360.0,24010.0,180,4.000,1.314,0.000,0.000,44.856,10.643,0.000,1.314,201.8,594,2026-12-09,ST-108,TR-036,2026-12-07
N-L7-10,N,L7,10,U2,标准层单元,1580,3880,33770.0,24360.0,24010.0,180,4.000,1.314,0.000,0.000,44.856,10.643,0.000,1.314,201.8,595,2026-12-09,ST-109,TR-037,2026-12-08
N-L7-11,N,L7,11,U2,标准层单元,1580,3880,32170.0,24360.0,24010.0,180,4.000,1.314,0.000,0.000,44.856,10.643,0.000,1.314,201.8,596,2026-12-09,ST-109,TR-037,2026-12-08
N-L7-12,N,L7,12,U2,标准层单元,1580,3880,30570.0,24360.0,24010.0,180,4.000,1.314,0.000,0.000,44.856,10.643,0.000,1.314,201.8,597,2026-12-09,ST-109,TR-037,2026-12-08
N-L7-13,N,L7,13,U2,标准层单元,1580,3880,28970.0,24360.0,24010.0,180,4.000,1.314,0.000,0.000,44.856,10.643,0.000,1.314,201.8,598,2026-12-09,ST-109,TR-037,2026-12-08
N-L7-14,N,L7,14,U2,标准层单元,1580,3880,27370.0,24360.0,24010.0,180,4.000,1.314,0.000,0.000,44.856,10.643,0.000,1.314,201.8,599,2026-12-09,ST-109,TR-037,2026-12-08
N-L7-15,N,L7,15,U2,标准层单元,1580,3880,25770.0,24360.0,24010.0,180,4.000,1.314,0.000,0.000,44.856,10.643,0.000,1.314,201.8,600,2026-12-09,ST-109,TR-037,2026-12-08
N-L7-16,N,L7,16,U2,标准层单元,1580,3880,24170.0,24360.0,24010.0,180,4.000,1.314,0.000,0.000,44.856,10.643,0.000,1.314,201.8,601,2026-12-09,ST-110,TR-037,2026-12-08
N-L7-17,N,L7,17,U2,标准层单元,1580,3880,22570.0,24360.0,24010.0,180,4.000,1.314,0.000,0.000,44.856,10.643,0.000,1.314,201.8,602,2026-12-09,ST-110,TR-037,2026-12-08
N-L7-18,N,L7,18,U2,标准层单元,1580,3880,20970.0,24360.0,24010.0,180,4.000,1.314,0.000,0.000,44.856,10.643,0.000,1.314,201.8,603,2026-12-09,ST-110,TR-037,2026-12-08
N-L7-19,N,L7,19,U2,标准层单元,1580,3880,19370.0,24360.0,24010.0,180,4.000,1.314,0.000,0.000,44.856,10.643,0.000,1.314,201.8,604,2026-12-09,ST-110,TR-037,2026-12-08
N-L7-20,N,L7,20,U2,标准层单元,1580,3880,17770.0,24360.0,24010.0,180,4.000,1.314,0.000,0.000,44.856,10.643,0.000,1.314,201.8,605,2026-12-09,ST-110,TR-037,2026-12-08
N-L7-21,N,L7,21,U2,标准层单元,1580,3880,16170.0,24360.0,24010.0,180,4.000,1.314,0.000,0.000,44.856,10.643,0.000,1.314,201.8,606,2026-12-09,ST-110,TR-037,2026-12-08
N-L7-22,N,L7,22,U2,标准层单元,1580,3880,14570.0,24360.0,24010.0,180,4.000,1.314,0.000,0.000,44.856,10.643,0.000,1.314,201.8,607,2026-12-09,ST-111,TR-037,2026-12-08
N-L7-23,N,L7,23,U2,标准层单元,1580,3880,12970.0,24360.0,24010.0,180,4.000,1.314,0.000,0.000,44.856,10.643,0.000,1.314,201.8,608,2026-12-10,ST-111,TR-037,2026-12-08
N-L7-24,N,L7,24,U2,标准层单元,1580,3880,11370.0,24360.0,24010.0,180,4.000,1.314,0.000,0.000,44.856,10.643,0.000,1.314,201.8,609,2026-12-10,ST-111,TR-037,2026-12-08
N-L7-25,N,L7,25,U2,标准层单元,1580,3880,9770.0,24360.0,24010.0,180,4.000,1.314,0.000,0.000,44.856,10.643,0.000,1.314,201.8,610,2026-12-10,ST-111,TR-037,2026-12-08
N-L7-26,N,L7,26,U2,标准层单元,1580,3880,8170.0,24360.0,24010.0,180,4.000,1.314,0.000,0.000,44.856,10.643,0.000,1.314,201.8,611,2026-12-10,ST-111,TR-037,2026-12-08
N-L7-27,N,L7,27,U2,标准层单元,1580,3880,6570.0,24360.0,24010.0,180,4.000,1.314,0.000,0.000,44.856,10.643,0.000,1.314,201.8,612,2026-12-10,ST-111,TR-037,2026-12-08
N-L7-28,N,L7,28,U2,标准层单元,1580,3880,4970.0,24360.0,24010.0,180,4.000,1.314,0.000,0.000,44.856,10.643,0.000,1.314,201.8,613,2026-12-10,ST-112,TR-038,2026-12-09
N-L7-29,N,L7,29,U2,标准层单元,1580,3880,3370.0,24360.0,24010.0,180,4.000,1.314,0.000,0.000,44.856,10.643,0.000,1.314,201.8,614,2026-12-10,ST-112,TR-038,2026-12-09
N-L7-30,N,L7,30,U2,标准层单元,1580,3880,1770.0,24360.0,24010.0,180,4.000,1.314,0.000,0.000,44.856,10.643,0.000,1.314,201.8,615,2026-12-10,ST-112,TR-038,2026-12-09
W-L7-01,W,L7,1,U2,标准层单元,1580,3880,0.0,24170.0,24010.0,270,4.000,1.314,0.000,0.000,44.856,10.643,0.000,1.314,201.8,616,2026-12-10,ST-112,TR-038,2026-12-09
W-L7-02,W,L7,2,U2,标准层单元,1580,3880,0.0,22570.0,24010.0,270,4.000,1.314,0.000,0.000,44.856,10.643,0.000,1.314,201.8,617,2026-12-10,ST-112,TR-038,2026-12-09
W-L7-03,W,L7,3,U2,标准层单元,1580,3880,0.0,20970.0,24010.0,270,4.000,1.314,0.000,0.000,44.856,10.643,0.000,1.314,201.8,618,2026-12-10,ST-112,TR-038,2026-12-09
W-L7-04,W,L7,4,U2,标准层单元,1580,3880,0.0,19370.0,24010.0,270,4.000,1.314,0.000,0.000,44.856,10.643,0.000,1.314,201.8,619,2026-12-10,ST-113,TR-038,2026-12-09
W-L7-05,W,L7,5,U2,标准层单元,1580,3880,0.0,17770.0,24010.0,270,4.000,1.314,0.000,0.000,44.856,10.643,0.000,1.314,201.8,620,2026-12-10,ST-113,TR-038,2026-12-09
W-L7-06,W,L7,6,U2,标准层单元,1580,3880,0.0,16170.0,24010.0,270,4.000,1.314,0.000,0.000,44.856,10.643,0.000,1.314,201.8,621,2026-12-10,ST-113,TR-038,2026-12-09
W-L7-07,W,L7,7,U2,标准层单元,1580,3880,0.0,14570.0,24010.0,270,4.000,1.314,0.000,0.000,44.856,10.643,0.000,1.314,201.8,622,2026-12-10,ST-113,TR-038,2026-12-09
W-L7-08,W,L7,8,U2,标准层单元,1580,3880,0.0,12970.0,24010.0,270,4.000,1.314,0.000,0.000,44.856,10.643,0.000,1.314,201.8,623,2026-12-10,ST-113,TR-038,2026-12-09
W-L7-09,W,L7,9,U2,标准层单元,1580,3880,0.0,11370.0,24010.0,270,4.000,1.314,0.000,0.000,44.856,10.643,0.000,1.314,201.8,624,2026-12-10,ST-113,TR-038,2026-12-09
W-L7-10,W,L7,10,U2,标准层单元,1580,3880,0.0,9770.0,24010.0,270,4.000,1.314,0.000,0.000,44.856,10.643,0.000,1.314,201.8,625,2026-12-10,ST-114,TR-038,2026-12-09
W-L7-11,W,L7,11,U2,标准层单元,1580,3880,0.0,8170.0,24010.0,270,4.000,1.314,0.000,0.000,44.856,10.643,0.000,1.314,201.8,626,2026-12-10,ST-114,TR-038,2026-12-09
W-L7-12,W,L7,12,U2,标准层单元,1580,3880,0.0,6570.0,24010.0,270,4.000,1.314,0.000,0.000,44.856,10.643,0.000,1.314,201.8,627,2026-12-10,ST-114,TR-038,2026-12-09
W-L7-13,W,L7,13,U2,标准层单元,1580,3880,0.0,4970.0,24010.0,270,4.000,1.314,0.000,0.000,44.856,10.643,0.000,1.314,201.8,628,2026-12-11,ST-114,TR-038,2026-12-09
W-L7-14,W,L7,14,U2,标准层单元,1580,3880,0.0,3370.0,24010.0,270,4.000,1.314,0.000,0.000,44.856,10.643,0.000,1.314,201.8,629,2026-12-11,ST-114,TR-038,2026-12-09
W-L7-15,W,L7,15,U2,标准层单元,1580,3880,0.0,1770.0,24010.0,270,4.000,1.314,0.000,0.000,44.856,10.643,0.000,1.314,201.8,630,2026-12-11,ST-114,TR-038,2026-12-09
S-L8-01,S,L8,1,U2,标准层单元,1580,3880,190.0,0.0,27910.0,0,4.000,1.314,0.000,0.000,44.856,10.643,0.000,1.314,201.8,631,2026-12-11,ST-115,TR-039,2026-12-10
S-L8-02,S,L8,2,U2,标准层单元,1580,3880,1790.0,0.0,27910.0,0,4.000,1.314,0.000,0.000,44.856,10.643,0.000,1.314,201.8,632,2026-12-11,ST-115,TR-039,2026-12-10
S-L8-03,S,L8,3,U2,标准层单元,1580,3880,3390.0,0.0,27910.0,0,4.000,1.314,0.000,0.000,44.856,10.643,0.000,1.314,201.8,633,2026-12-11,ST-115,TR-039,2026-12-10
S-L8-04,S,L8,4,U2,标准层单元,1580,3880,4990.0,0.0,27910.0,0,4.000,1.314,0.000,0.000,44.856,10.643,0.000,1.314,201.8,634,2026-12-11,ST-115,TR-039,2026-12-10
S-L8-05,S,L8,5,U2,标准层单元,1580,3880,6590.0,0.0,27910.0,0,4.000,1.314,0.000,0.000,44.856,10.643,0.000,1.314,201.8,635,2026-12-11,ST-115,TR-039,2026-12-10
S-L8-06,S,L8,6,U2,标准层单元,1580,3880,8190.0,0.0,27910.0,0,4.000,1.314,0.000,0.000,44.856,10.643,0.000,1.314,201.8,636,2026-12-11,ST-115,TR-039,2026-12-10
S-L8-07,S,L8,7,U2,标准层单元,1580,3880,9790.0,0.0,27910.0,0,4.000,1.314,0.000,0.000,44.856,10.643,0.000,1.314,201.8,637,2026-12-11,ST-116,TR-039,2026-12-10
S-L8-08,S,L8,8,U2,标准层单元,1580,3880,11390.0,0.0,27910.0,0,4.000,1.314,0.000,0.000,44.856,10.643,0.000,1.314,201.8,638,2026-12-11,ST-116,TR-039,2026-12-10
S-L8-09,S,L8,9,U2,标准层单元,1580,3880,12990.0,0.0,27910.0,0,4.000,1.314,0.000,0.000,44.856,10.643,0.000,1.314,201.8,639,2026-12-11,ST-116,TR-039,2026-12-10
S-L8-10,S,L8,10,U2,标准层单元,1580,3880,14590.0,0.0,27910.0,0,4.000,1.314,0.000,0.000,44.856,10.643,0.000,1.314,201.8,640,2026-12-11,ST-116,TR-039,2026-12-10
S-L8-11,S,L8,11,U2,标准层单元,1580,3880,16190.0,0.0,27910.0,0,4.000,1.314,0.000,0.000,44.856,10.643,0.000,1.314,201.8,641,2026-12-11,ST-116,TR-039,2026-12-10
S-L8-12,S,L8,12,U2,标准层单元,1580,3880,17790.0,0.0,27910.0,0,4.000,1.314,0.000,0.000,44.856,10.643,0.000,1.314,201.8,642,2026-12-11,ST-116,TR-039,2026-12-10
S-L8-13,S,L8,13,U2,标准层单元,1580,3880,19390.0,0.0,27910.0,0,4.000,1.314,0.000,0.000,44.856,10.643,0.000,1.314,201.8,643,2026-12-11,ST-117,TR-039,2026-12-10
S-L8-14,S,L8,14,U2,标准层单元,1580,3880,20990.0,0.0,27910.0,0,4.000,1.314,0.000,0.000,44.856,10.643,0.000,1.314,201.8,644,2026-12-11,ST-117,TR-039,2026-12-10
S-L8-15,S,L8,15,U2,标准层单元,1580,3880,22590.0,0.0,27910.0,0,4.000,1.314,0.000,0.000,44.856,10.643,0.000,1.314,201.8,645,2026-12-11,ST-117,TR-039,2026-12-10
S-L8-16,S,L8,16,U2,标准层单元,1580,3880,24190.0,0.0,27910.0,0,4.000,1.314,0.000,0.000,44.856,10.643,0.000,1.314,201.8,646,2026-12-11,ST-117,TR-039,2026-12-10
S-L8-17,S,L8,17,U2,标准层单元,1580,3880,25790.0,0.0,27910.0,0,4.000,1.314,0.000,0.000,44.856,10.643,0.000,1.314,201.8,647,2026-12-11,ST-117,TR-039,2026-12-10
S-L8-18,S,L8,18,U2,标准层单元,1580,3880,27390.0,0.0,27910.0,0,4.000,1.314,0.000,0.000,44.856,10.643,0.000,1.314,201.8,648,2026-12-12,ST-117,TR-039,2026-12-10
S-L8-19,S,L8,19,U2,标准层单元,1580,3880,28990.0,0.0,27910.0,0,4.000,1.314,0.000,0.000,44.856,10.643,0.000,1.314,201.8,649,2026-12-12,ST-118,TR-040,2026-12-11
S-L8-20,S,L8,20,U2,标准层单元,1580,3880,30590.0,0.0,27910.0,0,4.000,1.314,0.000,0.000,44.856,10.643,0.000,1.314,201.8,650,2026-12-12,ST-118,TR-040,2026-12-11
S-L8-21,S,L8,21,U2,标准层单元,1580,3880,32190.0,0.0,27910.0,0,4.000,1.314,0.000,0.000,44.856,10.643,0.000,1.314,201.8,651,2026-12-12,ST-118,TR-040,2026-12-11
S-L8-22,S,L8,22,U2,标准层单元,1580,3880,33790.0,0.0,27910.0,0,4.000,1.314,0.000,0.000,44.856,10.643,0.000,1.314,201.8,652,2026-12-12,ST-118,TR-040,2026-12-11
S-L8-23,S,L8,23,U2,标准层单元,1580,3880,35390.0,0.0,27910.0,0,4.000,1.314,0.000,0.000,44.856,10.643,0.000,1.314,201.8,653,2026-12-12,ST-118,TR-040,2026-12-11
S-L8-24,S,L8,24,U2,标准层单元,1580,3880,36990.0,0.0,27910.0,0,4.000,1.314,0.000,0.000,44.856,10.643,0.000,1.314,201.8,654,2026-12-12,ST-118,TR-040,2026-12-11
S-L8-25,S,L8,25,U2,标准层单元,1580,3880,38590.0,0.0,27910.0,0,4.000,1.314,0.000,0.000,44.856,10.643,0.000,1.314,201.8,655,2026-12-12,ST-119,TR-040,2026-12-11
S-L8-26,S,L8,26,U2,标准层单元,1580,3880,40190.0,0.0,27910.0,0,4.000,1.314,0.000,0.000,44.856,10.643,0.000,1.314,201.8,656,2026-12-12,ST-119,TR-040,2026-12-11
S-L8-27,S,L8,27,U2,标准层单元,1580,3880,41790.0,0.0,27910.0,0,4.000,1.314,0.000,0.000,44.856,10.643,0.000,1.314,201.8,657,2026-12-12,ST-119,TR-040,2026-12-11
S-L8-28,S,L8,28,U2,标准层单元,1580,3880,43390.0,0.0,27910.0,0,4.000,1.314,0.000,0.000,44.856,10.643,0.000,1.314,201.8,658,2026-12-12,ST-119,TR-040,2026-12-11
S-L8-29,S,L8,29,U2,标准层单元,1580,3880,44990.0,0.0,27910.0,0,4.000,1.314,0.000,0.000,44.856,10.643,0.000,1.314,201.8,659,2026-12-12,ST-119,TR-040,2026-12-11
S-L8-30,S,L8,30,U2,标准层单元,1580,3880,46590.0,0.0,27910.0,0,4.000,1.314,0.000,0.000,44.856,10.643,0.000,1.314,201.8,660,2026-12-12,ST-119,TR-040,2026-12-11
E-L8-01,E,L8,1,U2,标准层单元,1580,3880,48360.0,190.0,27910.0,90,4.000,1.314,0.000,0.000,44.856,10.643,0.000,1.314,201.8,661,2026-12-12,ST-120,TR-040,2026-12-11
E-L8-02,E,L8,2,U2,标准层单元,1580,3880,48360.0,1790.0,27910.0,90,4.000,1.314,0.000,0.000,44.856,10.643,0.000,1.314,201.8,662,2026-12-12,ST-120,TR-040,2026-12-11
E-L8-03,E,L8,3,U2,标准层单元,1580,3880,48360.0,3390.0,27910.0,90,4.000,1.314,0.000,0.000,44.856,10.643,0.000,1.314,201.8,663,2026-12-12,ST-120,TR-040,2026-12-11
E-L8-04,E,L8,4,U2,标准层单元,1580,3880,48360.0,4990.0,27910.0,90,4.000,1.314,0.000,0.000,44.856,10.643,0.000,1.314,201.8,664,2026-12-12,ST-120,TR-040,2026-12-11
E-L8-05,E,L8,5,U2,标准层单元,1580,3880,48360.0,6590.0,27910.0,90,4.000,1.314,0.000,0.000,44.856,10.643,0.000,1.314,201.8,665,2026-12-12,ST-120,TR-040,2026-12-11
E-L8-06,E,L8,6,U2,标准层单元,1580,3880,48360.0,8190.0,27910.0,90,4.000,1.314,0.000,0.000,44.856,10.643,0.000,1.314,201.8,666,2026-12-12,ST-120,TR-040,2026-12-11
E-L8-07,E,L8,7,U2,标准层单元,1580,3880,48360.0,9790.0,27910.0,90,4.000,1.314,0.000,0.000,44.856,10.643,0.000,1.314,201.8,667,2026-12-12,ST-121,TR-041,2026-12-11
E-L8-08,E,L8,8,U2,标准层单元,1580,3880,48360.0,11390.0,27910.0,90,4.000,1.314,0.000,0.000,44.856,10.643,0.000,1.314,201.8,668,2026-12-14,ST-121,TR-041,2026-12-11
E-L8-09,E,L8,9,U2,标准层单元,1580,3880,48360.0,12990.0,27910.0,90,4.000,1.314,0.000,0.000,44.856,10.643,0.000,1.314,201.8,669,2026-12-14,ST-121,TR-041,2026-12-11
E-L8-10,E,L8,10,U2,标准层单元,1580,3880,48360.0,14590.0,27910.0,90,4.000,1.314,0.000,0.000,44.856,10.643,0.000,1.314,201.8,670,2026-12-14,ST-121,TR-041,2026-12-11
E-L8-11,E,L8,11,U2,标准层单元,1580,3880,48360.0,16190.0,27910.0,90,4.000,1.314,0.000,0.000,44.856,10.643,0.000,1.314,201.8,671,2026-12-14,ST-121,TR-041,2026-12-11
E-L8-12,E,L8,12,U2,标准层单元,1580,3880,48360.0,17790.0,27910.0,90,4.000,1.314,0.000,0.000,44.856,10.643,0.000,1.314,201.8,672,2026-12-14,ST-121,TR-041,2026-12-11
E-L8-13,E,L8,13,U2,标准层单元,1580,3880,48360.0,19390.0,27910.0,90,4.000,1.314,0.000,0.000,44.856,10.643,0.000,1.314,201.8,673,2026-12-14,ST-122,TR-041,2026-12-11
E-L8-14,E,L8,14,U2,标准层单元,1580,3880,48360.0,20990.0,27910.0,90,4.000,1.314,0.000,0.000,44.856,10.643,0.000,1.314,201.8,674,2026-12-14,ST-122,TR-041,2026-12-11
E-L8-15,E,L8,15,U2,标准层单元,1580,3880,48360.0,22590.0,27910.0,90,4.000,1.314,0.000,0.000,44.856,10.643,0.000,1.314,201.8,675,2026-12-14,ST-122,TR-041,2026-12-11
N-L8-01,N,L8,1,U2,标准层单元,1580,3880,48170.0,24360.0,27910.0,180,4.000,1.314,0.000,0.000,44.856,10.643,0.000,1.314,201.8,676,2026-12-14,ST-122,TR-041,2026-12-11
N-L8-02,N,L8,2,U2,标准层单元,1580,3880,46570.0,24360.0,27910.0,180,4.000,1.314,0.000,0.000,44.856,10.643,0.000,1.314,201.8,677,2026-12-14,ST-122,TR-041,2026-12-11
N-L8-03,N,L8,3,U2,标准层单元,1580,3880,44970.0,24360.0,27910.0,180,4.000,1.314,0.000,0.000,44.856,10.643,0.000,1.314,201.8,678,2026-12-14,ST-122,TR-041,2026-12-11
N-L8-04,N,L8,4,U2,标准层单元,1580,3880,43370.0,24360.0,27910.0,180,4.000,1.314,0.000,0.000,44.856,10.643,0.000,1.314,201.8,679,2026-12-14,ST-123,TR-041,2026-12-11
N-L8-05,N,L8,5,U2,标准层单元,1580,3880,41770.0,24360.0,27910.0,180,4.000,1.314,0.000,0.000,44.856,10.643,0.000,1.314,201.8,680,2026-12-14,ST-123,TR-041,2026-12-11
N-L8-06,N,L8,6,U2,标准层单元,1580,3880,40170.0,24360.0,27910.0,180,4.000,1.314,0.000,0.000,44.856,10.643,0.000,1.314,201.8,681,2026-12-14,ST-123,TR-041,2026-12-11
N-L8-07,N,L8,7,U2,标准层单元,1580,3880,38570.0,24360.0,27910.0,180,4.000,1.314,0.000,0.000,44.856,10.643,0.000,1.314,201.8,682,2026-12-14,ST-123,TR-041,2026-12-11
N-L8-08,N,L8,8,U2,标准层单元,1580,3880,36970.0,24360.0,27910.0,180,4.000,1.314,0.000,0.000,44.856,10.643,0.000,1.314,201.8,683,2026-12-14,ST-123,TR-041,2026-12-11
N-L8-09,N,L8,9,U2,标准层单元,1580,3880,35370.0,24360.0,27910.0,180,4.000,1.314,0.000,0.000,44.856,10.643,0.000,1.314,201.8,684,2026-12-14,ST-123,TR-041,2026-12-11
N-L8-10,N,L8,10,U2,标准层单元,1580,3880,33770.0,24360.0,27910.0,180,4.000,1.314,0.000,0.000,44.856,10.643,0.000,1.314,201.8,685,2026-12-14,ST-124,TR-042,2026-12-12
N-L8-11,N,L8,11,U3,机房百叶单元,1580,3880,32170.0,24360.0,27910.0,180,0.000,1.314,4.000,0.000,44.856,10.643,0.000,1.314,129.8,686,2026-12-14,ST-125,TR-042,2026-12-12
N-L8-12,N,L8,12,U3,机房百叶单元,1580,3880,30570.0,24360.0,27910.0,180,0.000,1.314,4.000,0.000,44.856,10.643,0.000,1.314,129.8,687,2026-12-15,ST-125,TR-042,2026-12-12
N-L8-13,N,L8,13,U3,机房百叶单元,1580,3880,28970.0,24360.0,27910.0,180,0.000,1.314,4.000,0.000,44.856,10.643,0.000,1.314,129.8,688,2026-12-15,ST-125,TR-042,2026-12-12
N-L8-14,N,L8,14,U3,机房百叶单元,1580,3880,27370.0,24360.0,27910.0,180,0.000,1.314,4.000,0.000,44.856,10.643,0.000,1.314,129.8,689,2026-12-15,ST-125,TR-042,2026-12-12
N-L8-15,N,L8,15,U3,机房百叶单元,1580,3880,25770.0,24360.0,27910.0,180,0.000,1.314,4.000,0.000,44.856,10.643,0.000,1.314,129.8,690,2026-12-15,ST-125,TR-042,2026-12-12
N-L8-16,N,L8,16,U3,机房百叶单元,1580,3880,24170.0,24360.0,27910.0,180,0.000,1.314,4.000,0.000,44.856,10.643,0.000,1.314,129.8,691,2026-12-15,ST-125,TR-042,2026-12-12
N-L8-17,N,L8,17,U3,机房百叶单元,1580,3880,22570.0,24360.0,27910.0,180,0.000,1.314,4.000,0.000,44.856,10.643,0.000,1.314,129.8,692,2026-12-15,ST-126,TR-042,2026-12-12
N-L8-18,N,L8,18,U3,机房百叶单元,1580,3880,20970.0,24360.0,27910.0,180,0.000,1.314,4.000,0.000,44.856,10.643,0.000,1.314,129.8,693,2026-12-15,ST-126,TR-042,2026-12-12
N-L8-19,N,L8,19,U3,机房百叶单元,1580,3880,19370.0,24360.0,27910.0,180,0.000,1.314,4.000,0.000,44.856,10.643,0.000,1.314,129.8,694,2026-12-15,ST-126,TR-042,2026-12-12
N-L8-20,N,L8,20,U3,机房百叶单元,1580,3880,17770.0,24360.0,27910.0,180,0.000,1.314,4.000,0.000,44.856,10.643,0.000,1.314,129.8,695,2026-12-15,ST-126,TR-042,2026-12-12
N-L8-21,N,L8,21,U2,标准层单元,1580,3880,16170.0,24360.0,27910.0,180,4.000,1.314,0.000,0.000,44.856,10.643,0.000,1.314,201.8,696,2026-12-15,ST-127,TR-043,2026-12-14
N-L8-22,N,L8,22,U2,标准层单元,1580,3880,14570.0,24360.0,27910.0,180,4.000,1.314,0.000,0.000,44.856,10.643,0.000,1.314,201.8,697,2026-12-15,ST-127,TR-043,2026-12-14
N-L8-23,N,L8,23,U2,标准层单元,1580,3880,12970.0,24360.0,27910.0,180,4.000,1.314,0.000,0.000,44.856,10.643,0.000,1.314,201.8,698,2026-12-15,ST-127,TR-043,2026-12-14
N-L8-24,N,L8,24,U2,标准层单元,1580,3880,11370.0,24360.0,27910.0,180,4.000,1.314,0.000,0.000,44.856,10.643,0.000,1.314,201.8,699,2026-12-15,ST-127,TR-043,2026-12-14
N-L8-25,N,L8,25,U2,标准层单元,1580,3880,9770.0,24360.0,27910.0,180,4.000,1.314,0.000,0.000,44.856,10.643,0.000,1.314,201.8,700,2026-12-15,ST-127,TR-043,2026-12-14
N-L8-26,N,L8,26,U2,标准层单元,1580,3880,8170.0,24360.0,27910.0,180,4.000,1.314,0.000,0.000,44.856,10.643,0.000,1.314,201.8,701,2026-12-15,ST-127,TR-043,2026-12-14
N-L8-27,N,L8,27,U2,标准层单元,1580,3880,6570.0,24360.0,27910.0,180,4.000,1.314,0.000,0.000,44.856,10.643,0.000,1.314,201.8,702,2026-12-15,ST-128,TR-043,2026-12-14
N-L8-28,N,L8,28,U2,标准层单元,1580,3880,4970.0,24360.0,27910.0,180,4.000,1.314,0.000,0.000,44.856,10.643,0.000,1.314,201.8,703,2026-12-15,ST-128,TR-043,2026-12-14
N-L8-29,N,L8,29,U2,标准层单元,1580,3880,3370.0,24360.0,27910.0,180,4.000,1.314,0.000,0.000,44.856,10.643,0.000,1.314,201.8,704,2026-12-16,ST-128,TR-043,2026-12-14
N-L8-30,N,L8,30,U2,标准层单元,1580,3880,1770.0,24360.0,27910.0,180,4.000,1.314,0.000,0.000,44.856,10.643,0.000,1.314,201.8,705,2026-12-16,ST-128,TR-043,2026-12-14
W-L8-01,W,L8,1,U2,标准层单元,1580,3880,0.0,24170.0,27910.0,270,4.000,1.314,0.000,0.000,44.856,10.643,0.000,1.314,201.8,706,2026-12-16,ST-128,TR-043,2026-12-14
W-L8-02,W,L8,2,U2,标准层单元,1580,3880,0.0,22570.0,27910.0,270,4.000,1.314,0.000,0.000,44.856,10.643,0.000,1.314,201.8,707,2026-12-16,ST-128,TR-043,2026-12-14
W-L8-03,W,L8,3,U2,标准层单元,1580,3880,0.0,20970.0,27910.0,270,4.000,1.314,0.000,0.000,44.856,10.643,0.000,1.314,201.8,708,2026-12-16,ST-129,TR-043,2026-12-14
W-L8-04,W,L8,4,U2,标准层单元,1580,3880,0.0,19370.0,27910.0,270,4.000,1.314,0.000,0.000,44.856,10.643,0.000,1.314,201.8,709,2026-12-16,ST-129,TR-043,2026-12-14
W-L8-05,W,L8,5,U2,标准层单元,1580,3880,0.0,17770.0,27910.0,270,4.000,1.314,0.000,0.000,44.856,10.643,0.000,1.314,201.8,710,2026-12-16,ST-129,TR-043,2026-12-14
W-L8-06,W,L8,6,U2,标准层单元,1580,3880,0.0,16170.0,27910.0,270,4.000,1.314,0.000,0.000,44.856,10.643,0.000,1.314,201.8,711,2026-12-16,ST-129,TR-043,2026-12-14
W-L8-07,W,L8,7,U2,标准层单元,1580,3880,0.0,14570.0,27910.0,270,4.000,1.314,0.000,0.000,44.856,10.643,0.000,1.314,201.8,712,2026-12-16,ST-129,TR-043,2026-12-14
W-L8-08,W,L8,8,U2,标准层单元,1580,3880,0.0,12970.0,27910.0,270,4.000,1.314,0.000,0.000,44.856,10.643,0.000,1.314,201.8,713,2026-12-16,ST-129,TR-043,2026-12-14
W-L8-09,W,L8,9,U2,标准层单元,1580,3880,0.0,11370.0,27910.0,270,4.000,1.314,0.000,0.000,44.856,10.643,0.000,1.314,201.8,714,2026-12-16,ST-130,TR-044,2026-12-15
W-L8-10,W,L8,10,U2,标准层单元,1580,3880,0.0,9770.0,27910.0,270,4.000,1.314,0.000,0.000,44.856,10.643,0.000,1.314,201.8,715,2026-12-16,ST-130,TR-044,2026-12-15
W-L8-11,W,L8,11,U2,标准层单元,1580,3880,0.0,8170.0,27910.0,270,4.000,1.314,0.000,0.000,44.856,10.643,0.000,1.314,201.8,716,2026-12-16,ST-130,TR-044,2026-12-15
W-L8-12,W,L8,12,U2,标准层单元,1580,3880,0.0,6570.0,27910.0,270,4.000,1.314,0.000,0.000,44.856,10.643,0.000,1.314,201.8,717,2026-12-16,ST-130,TR-044,2026-12-15
W-L8-13,W,L8,13,U2,标准层单元,1580,3880,0.0,4970.0,27910.0,270,4.000,1.314,0.000,0.000,44.856,10.643,0.000,1.314,201.8,718,2026-12-16,ST-130,TR-044,2026-12-15
W-L8-14,W,L8,14,U2,标准层单元,1580,3880,0.0,3370.0,27910.0,270,4.000,1.314,0.000,0.000,44.856,10.643,0.000,1.314,201.8,719,2026-12-16,ST-130,TR-044,2026-12-15
W-L8-15,W,L8,15,U2,标准层单元,1580,3880,0.0,1770.0,27910.0,270,4.000,1.314,0.000,0.000,44.856,10.643,0.000,1.314,201.8,720,2026-12-16,ST-131,TR-044,2026-12-15
S-RF-01,S,RF,1,U5,女儿墙单元,1580,1180,190.0,0.0,31810.0,0,0.000,1.489,0.000,0.000,18.088,12.063,3.191,1.489,63.1,721,2026-12-16,ST-132,TR-044,2026-12-15
S-RF-02,S,RF,2,U5,女儿墙单元,1580,1180,1790.0,0.0,31810.0,0,0.000,1.489,0.000,0.000,18.088,12.063,3.191,1.489,63.1,722,2026-12-16,ST-132,TR-044,2026-12-15
S-RF-03,S,RF,3,U5,女儿墙单元,1580,1180,3390.0,0.0,31810.0,0,0.000,1.489,0.000,0.000,18.088,12.063,3.191,1.489,63.1,723,2026-12-16,ST-132,TR-044,2026-12-15
S-RF-04,S,RF,4,U5,女儿墙单元,1580,1180,4990.0,0.0,31810.0,0,0.000,1.489,0.000,0.000,18.088,12.063,3.191,1.489,63.1,724,2026-12-16,ST-132,TR-044,2026-12-15
S-RF-05,S,RF,5,U5,女儿墙单元,1580,1180,6590.0,0.0,31810.0,0,0.000,1.489,0.000,0.000,18.088,12.063,3.191,1.489,63.1,725,2026-12-17,ST-132,TR-044,2026-12-15
S-RF-06,S,RF,6,U5,女儿墙单元,1580,1180,8190.0,0.0,31810.0,0,0.000,1.489,0.000,0.000,18.088,12.063,3.191,1.489,63.1,726,2026-12-17,ST-132,TR-044,2026-12-15
S-RF-07,S,RF,7,U5,女儿墙单元,1580,1180,9790.0,0.0,31810.0,0,0.000,1.489,0.000,0.000,18.088,12.063,3.191,1.489,63.1,727,2026-12-17,ST-132,TR-044,2026-12-15
S-RF-08,S,RF,8,U5,女儿墙单元,1580,1180,11390.0,0.0,31810.0,0,0.000,1.489,0.000,0.000,18.088,12.063,3.191,1.489,63.1,728,2026-12-17,ST-132,TR-044,2026-12-15
S-RF-09,S,RF,9,U5,女儿墙单元,1580,1180,12990.0,0.0,31810.0,0,0.000,1.489,0.000,0.000,18.088,12.063,3.191,1.489,63.1,729,2026-12-17,ST-132,TR-044,2026-12-15
S-RF-10,S,RF,10,U5,女儿墙单元,1580,1180,14590.0,0.0,31810.0,0,0.000,1.489,0.000,0.000,18.088,12.063,3.191,1.489,63.1,730,2026-12-17,ST-132,TR-044,2026-12-15
S-RF-11,S,RF,11,U5,女儿墙单元,1580,1180,16190.0,0.0,31810.0,0,0.000,1.489,0.000,0.000,18.088,12.063,3.191,1.489,63.1,731,2026-12-17,ST-133,TR-045,2026-12-16
S-RF-12,S,RF,12,U5,女儿墙单元,1580,1180,17790.0,0.0,31810.0,0,0.000,1.489,0.000,0.000,18.088,12.063,3.191,1.489,63.1,732,2026-12-17,ST-133,TR-045,2026-12-16
S-RF-13,S,RF,13,U5,女儿墙单元,1580,1180,19390.0,0.0,31810.0,0,0.000,1.489,0.000,0.000,18.088,12.063,3.191,1.489,63.1,733,2026-12-17,ST-133,TR-045,2026-12-16
S-RF-14,S,RF,14,U5,女儿墙单元,1580,1180,20990.0,0.0,31810.0,0,0.000,1.489,0.000,0.000,18.088,12.063,3.191,1.489,63.1,734,2026-12-17,ST-133,TR-045,2026-12-16
S-RF-15,S,RF,15,U5,女儿墙单元,1580,1180,22590.0,0.0,31810.0,0,0.000,1.489,0.000,0.000,18.088,12.063,3.191,1.489,63.1,735,2026-12-17,ST-133,TR-045,2026-12-16
S-RF-16,S,RF,16,U5,女儿墙单元,1580,1180,24190.0,0.0,31810.0,0,0.000,1.489,0.000,0.000,18.088,12.063,3.191,1.489,63.1,736,2026-12-17,ST-133,TR-045,2026-12-16
S-RF-17,S,RF,17,U5,女儿墙单元,1580,1180,25790.0,0.0,31810.0,0,0.000,1.489,0.000,0.000,18.088,12.063,3.191,1.489,63.1,737,2026-12-17,ST-133,TR-045,2026-12-16
S-RF-18,S,RF,18,U5,女儿墙单元,1580,1180,27390.0,0.0,31810.0,0,0.000,1.489,0.000,0.000,18.088,12.063,3.191,1.489,63.1,738,2026-12-17,ST-133,TR-045,2026-12-16
S-RF-19,S,RF,19,U5,女儿墙单元,1580,1180,28990.0,0.0,31810.0,0,0.000,1.489,0.000,0.000,18.088,12.063,3.191,1.489,63.1,739,2026-12-17,ST-133,TR-045,2026-12-16
S-RF-20,S,RF,20,U5,女儿墙单元,1580,1180,30590.0,0.0,31810.0,0,0.000,1.489,0.000,0.000,18.088,12.063,3.191,1.489,63.1,740,2026-12-17,ST-133,TR-045,2026-12-16
S-RF-21,S,RF,21,U5,女儿墙单元,1580,1180,32190.0,0.0,31810.0,0,0.000,1.489,0.000,0.000,18.088,12.063,3.191,1.489,63.1,741,2026-12-17,ST-134,TR-045,2026-12-16
S-RF-22,S,RF,22,U5,女儿墙单元,1580,1180,33790.0,0.0,31810.0,0,0.000,1.489,0.000,0.000,18.088,12.063,3.191,1.489,63.1,742,2026-12-17,ST-134,TR-045,2026-12-16
S-RF-23,S,RF,23,U5,女儿墙单元,1580,1180,35390.0,0.0,31810.0,0,0.000,1.489,0.000,0.000,18.088,12.063,3.191,1.489,63.1,743,2026-12-17,ST-134,TR-045,2026-12-16
S-RF-24,S,RF,24,U5,女儿墙单元,1580,1180,36990.0,0.0,31810.0,0,0.000,1.489,0.000,0.000,18.088,12.063,3.191,1.489,63.1,744,2026-12-17,ST-134,TR-045,2026-12-16
S-RF-25,S,RF,25,U5,女儿墙单元,1580,1180,38590.0,0.0,31810.0,0,0.000,1.489,0.000,0.000,18.088,12.063,3.191,1.489,63.1,745,2026-12-17,ST-134,TR-045,2026-12-16
S-RF-26,S,RF,26,U5,女儿墙单元,1580,1180,40190.0,0.0,31810.0,0,0.000,1.489,0.000,0.000,18.088,12.063,3.191,1.489,63.1,746,2026-12-17,ST-134,TR-045,2026-12-16
S-RF-27,S,RF,27,U5,女儿墙单元,1580,1180,41790.0,0.0,31810.0,0,0.000,1.489,0.000,0.000,18.088,12.063,3.191,1.489,63.1,747,2026-12-17,ST-134,TR-045,2026-12-16
S-RF-28,S,RF,28,U5,女儿墙单元,1580,1180,43390.0,0.0,31810.0,0,0.000,1.489,0.000,0.000,18.088,12.063,3.191,1.489,63.1,748,2026-12-17,ST-134,TR-045,2026-12-16
S-RF-29,S,RF,29,U5,女儿墙单元,1580,1180,44990.0,0.0,31810.0,0,0.000,1.489,0.000,0.000,18.088,12.063,3.191,1.489,63.1,749,2026-12-17,ST-134,TR-045,2026-12-16
S-RF-30,S,RF,30,U5,女儿墙单元,1580,1180,46590.0,0.0,31810.0,0,0.000,1.489,0.000,0.000,18.088,12.063,3.191,1.489,63.1,750,2026-12-17,ST-134,TR-045,2026-12-16
E-RF-01,E,RF,1,U5,女儿墙单元,1580,1180,48360.0,190.0,31810.0,90,0.000,1.489,0.000,0.000,18.088,12.063,3.191,1.489,63.1,751,2026-12-17,ST-135,TR-045,2026-12-16
E-RF-02,E,RF,2,U5,女儿墙单元,1580,1180,48360.0,1790.0,31810.0,90,0.000,1.489,0.000,0.000,18.088,12.063,3.191,1.489,63.1,752,2026-12-17,ST-135,TR-045,2026-12-16
E-RF-03,E,RF,3,U5,女儿墙单元,1580,1180,48360.0,3390.0,31810.0,90,0.000,1.489,0.000,0.000,18.088,12.063,3.191,1.489,63.1,753,2026-12-17,ST-135,TR-045,2026-12-16
E-RF-04,E,RF,4,U5,女儿墙单元,1580,1180,48360.0,4990.0,31810.0,90,0.000,1.489,0.000,0.000,18.088,12.063,3.191,1.489,63.1,754,2026-12-17,ST-135,TR-045,2026-12-16
E-RF-05,E,RF,5,U5,女儿墙单元,1580,1180,48360.0,6590.0,31810.0,90,0.000,1.489,0.000,0.000,18.088,12.063,3.191,1.489,63.1,755,2026-12-17,ST-135,TR-045,2026-12-16
E-RF-06,E,RF,6,U5,女儿墙单元,1580,1180,48360.0,8190.0,31810.0,90,0.000,1.489,0.000,0.000,18.088,12.063,3.191,1.489,63.1,756,2026-12-17,ST-135,TR-045,2026-12-16
E-RF-07,E,RF,7,U5,女儿墙单元,1580,1180,48360.0,9790.0,31810.0,90,0.000,1.489,0.000,0.000,18.088,12.063,3.191,1.489,63.1,757,2026-12-18,ST-135,TR-045,2026-12-16
E-RF-08,E,RF,8,U5,女儿墙单元,1580,1180,48360.0,11390.0,31810.0,90,0.000,1.489,0.000,0.000,18.088,12.063,3.191,1.489,63.1,758,2026-12-18,ST-135,TR-045,2026-12-16
E-RF-09,E,RF,9,U5,女儿墙单元,1580,1180,48360.0,12990.0,31810.0,90,0.000,1.489,0.000,0.000,18.088,12.063,3.191,1.489,63.1,759,2026-12-18,ST-135,TR-045,2026-12-16
E-RF-10,E,RF,10,U5,女儿墙单元,1580,1180,48360.0,14590.0,31810.0,90,0.000,1.489,0.000,0.000,18.088,12.063,3.191,1.489,63.1,760,2026-12-18,ST-135,TR-045,2026-12-16
E-RF-11,E,RF,11,U5,女儿墙单元,1580,1180,48360.0,16190.0,31810.0,90,0.000,1.489,0.000,0.000,18.088,12.063,3.191,1.489,63.1,761,2026-12-18,ST-136,TR-046,2026-12-17
E-RF-12,E,RF,12,U5,女儿墙单元,1580,1180,48360.0,17790.0,31810.0,90,0.000,1.489,0.000,0.000,18.088,12.063,3.191,1.489,63.1,762,2026-12-18,ST-136,TR-046,2026-12-17
E-RF-13,E,RF,13,U5,女儿墙单元,1580,1180,48360.0,19390.0,31810.0,90,0.000,1.489,0.000,0.000,18.088,12.063,3.191,1.489,63.1,763,2026-12-18,ST-136,TR-046,2026-12-17
E-RF-14,E,RF,14,U5,女儿墙单元,1580,1180,48360.0,20990.0,31810.0,90,0.000,1.489,0.000,0.000,18.088,12.063,3.191,1.489,63.1,764,2026-12-18,ST-136,TR-046,2026-12-17
E-RF-15,E,RF,15,U5,女儿墙单元,1580,1180,48360.0,22590.0,31810.0,90,0.000,1.489,0.000,0.000,18.088,12.063,3.191,1.489,63.1,765,2026-12-18,ST-136,TR-046,2026-12-17
N-RF-01,N,RF,1,U5,女儿墙单元,1580,1180,48170.0,24360.0,31810.0,180,0.000,1.489,0.000,0.000,18.088,12.063,3.191,1.489,63.1,766,2026-12-18,ST-136,TR-046,2026-12-17
N-RF-02,N,RF,2,U5,女儿墙单元,1580,1180,46570.0,24360.0,31810.0,180,0.000,1.489,0.000,0.000,18.088,12.063,3.191,1.489,63.1,767,2026-12-18,ST-136,TR-046,2026-12-17
N-RF-03,N,RF,3,U5,女儿墙单元,1580,1180,44970.0,24360.0,31810.0,180,0.000,1.489,0.000,0.000,18.088,12.063,3.191,1.489,63.1,768,2026-12-18,ST-136,TR-046,2026-12-17
N-RF-04,N,RF,4,U5,女儿墙单元,1580,1180,43370.0,24360.0,31810.0,180,0.000,1.489,0.000,0.000,18.088,12.063,3.191,1.489,63.1,769,2026-12-18,ST-136,TR-046,2026-12-17
N-RF-05,N,RF,5,U5,女儿墙单元,1580,1180,41770.0,24360.0,31810.0,180,0.000,1.489,0.000,0.000,18.088,12.063,3.191,1.489,63.1,770,2026-12-18,ST-136,TR-046,2026-12-17
N-RF-06,N,RF,6,U5,女儿墙单元,1580,1180,40170.0,24360.0,31810.0,180,0.000,1.489,0.000,0.000,18.088,12.063,3.191,1.489,63.1,771,2026-12-18,ST-137,TR-046,2026-12-17
N-RF-07,N,RF,7,U5,女儿墙单元,1580,1180,38570.0,24360.0,31810.0,180,0.000,1.489,0.000,0.000,18.088,12.063,3.191,1.489,63.1,772,2026-12-18,ST-137,TR-046,2026-12-17
N-RF-08,N,RF,8,U5,女儿墙单元,1580,1180,36970.0,24360.0,31810.0,180,0.000,1.489,0.000,0.000,18.088,12.063,3.191,1.489,63.1,773,2026-12-18,ST-137,TR-046,2026-12-17
N-RF-09,N,RF,9,U5,女儿墙单元,1580,1180,35370.0,24360.0,31810.0,180,0.000,1.489,0.000,0.000,18.088,12.063,3.191,1.489,63.1,774,2026-12-18,ST-137,TR-046,2026-12-17
N-RF-10,N,RF,10,U5,女儿墙单元,1580,1180,33770.0,24360.0,31810.0,180,0.000,1.489,0.000,0.000,18.088,12.063,3.191,1.489,63.1,775,2026-12-18,ST-137,TR-046,2026-12-17
N-RF-11,N,RF,11,U5,女儿墙单元,1580,1180,32170.0,24360.0,31810.0,180,0.000,1.489,0.000,0.000,18.088,12.063,3.191,1.489,63.1,776,2026-12-18,ST-137,TR-046,2026-12-17
N-RF-12,N,RF,12,U5,女儿墙单元,1580,1180,30570.0,24360.0,31810.0,180,0.000,1.489,0.000,0.000,18.088,12.063,3.191,1.489,63.1,777,2026-12-18,ST-137,TR-046,2026-12-17
N-RF-13,N,RF,13,U5,女儿墙单元,1580,1180,28970.0,24360.0,31810.0,180,0.000,1.489,0.000,0.000,18.088,12.063,3.191,1.489,63.1,778,2026-12-18,ST-137,TR-046,2026-12-17
N-RF-14,N,RF,14,U5,女儿墙单元,1580,1180,27370.0,24360.0,31810.0,180,0.000,1.489,0.000,0.000,18.088,12.063,3.191,1.489,63.1,779,2026-12-18,ST-137,TR-046,2026-12-17
N-RF-15,N,RF,15,U5,女儿墙单元,1580,1180,25770.0,24360.0,31810.0,180,0.000,1.489,0.000,0.000,18.088,12.063,3.191,1.489,63.1,780,2026-12-18,ST-137,TR-046,2026-12-17
N-RF-16,N,RF,16,U5,女儿墙单元,1580,1180,24170.0,24360.0,31810.0,180,0.000,1.489,0.000,0.000,18.088,12.063,3.191,1.489,63.1,781,2026-12-18,ST-138,TR-046,2026-12-17
N-RF-17,N,RF,17,U5,女儿墙单元,1580,1180,22570.0,24360.0,31810.0,180,0.000,1.489,0.000,0.000,18.088,12.063,3.191,1.489,63.1,782,2026-12-18,ST-138,TR-046,2026-12-17
N-RF-18,N,RF,18,U5,女儿墙单元,1580,1180,20970.0,24360.0,31810.0,180,0.000,1.489,0.000,0.000,18.088,12.063,3.191,1.489,63.1,783,2026-12-18,ST-138,TR-046,2026-12-17
N-RF-19,N,RF,19,U5,女儿墙单元,1580,1180,19370.0,24360.0,31810.0,180,0.000,1.489,0.000,0.000,18.088,12.063,3.191,1.489,63.1,784,2026-12-18,ST-138,TR-046,2026-12-17
N-RF-20,N,RF,20,U5,女儿墙单元,1580,1180,17770.0,24360.0,31810.0,180,0.000,1.489,0.000,0.000,18.088,12.063,3.191,1.489,63.1,785,2026-12-18,ST-138,TR-046,2026-12-17
N-RF-21,N,RF,21,U5,女儿墙单元,1580,1180,16170.0,24360.0,31810.0,180,0.000,1.489,0.000,0.000,18.088,12.063,3.191,1.489,63.1,786,2026-12-18,ST-138,TR-046,2026-12-17
N-RF-22,N,RF,22,U5,女儿墙单元,1580,1180,14570.0,24360.0,31810.0,180,0.000,1.489,0.000,0.000,18.088,12.063,3.191,1.489,63.1,787,2026-12-18,ST-138,TR-046,2026-12-17
N-RF-23,N,RF,23,U5,女儿墙单元,1580,1180,12970.0,24360.0,31810.0,180,0.000,1.489,0.000,0.000,18.088,12.063,3.191,1.489,63.1,788,2026-12-18,ST-138,TR-046,2026-12-17
N-RF-24,N,RF,24,U5,女儿墙单元,1580,1180,11370.0,24360.0,31810.0,180,0.000,1.489,0.000,0.000,18.088,12.063,3.191,1.489,63.1,789,2026-12-19,ST-138,TR-046,2026-12-17
N-RF-25,N,RF,25,U5,女儿墙单元,1580,1180,9770.0,24360.0,31810.0,180,0.000,1.489,0.000,0.000,18.088,12.063,3.191,1.489,63.1,790,2026-12-19,ST-138,TR-046,2026-12-17
N-RF-26,N,RF,26,U5,女儿墙单元,1580,1180,8170.0,24360.0,31810.0,180,0.000,1.489,0.000,0.000,18.088,12.063,3.191,1.489,63.1,791,2026-12-19,ST-139,TR-047,2026-12-18
N-RF-27,N,RF,27,U5,女儿墙单元,1580,1180,6570.0,24360.0,31810.0,180,0.000,1.489,0.000,0.000,18.088,12.063,3.191,1.489,63.1,792,2026-12-19,ST-139,TR-047,2026-12-18
N-RF-28,N,RF,28,U5,女儿墙单元,1580,1180,4970.0,24360.0,31810.0,180,0.000,1.489,0.000,0.000,18.088,12.063,3.191,1.489,63.1,793,2026-12-19,ST-139,TR-047,2026-12-18
N-RF-29,N,RF,29,U5,女儿墙单元,1580,1180,3370.0,24360.0,31810.0,180,0.000,1.489,0.000,0.000,18.088,12.063,3.191,1.489,63.1,794,2026-12-19,ST-139,TR-047,2026-12-18
N-RF-30,N,RF,30,U5,女儿墙单元,1580,1180,1770.0,24360.0,31810.0,180,0.000,1.489,0.000,0.000,18.088,12.063,3.191,1.489,63.1,795,2026-12-19,ST-139,TR-047,2026-12-18
W-RF-01,W,RF,1,U5,女儿墙单元,1580,1180,0.0,24170.0,31810.0,270,0.000,1.489,0.000,0.000,18.088,12.063,3.191,1.489,63.1,796,2026-12-19,ST-139,TR-047,2026-12-18
W-RF-02,W,RF,2,U5,女儿墙单元,1580,1180,0.0,22570.0,31810.0,270,0.000,1.489,0.000,0.000,18.088,12.063,3.191,1.489,63.1,797,2026-12-19,ST-139,TR-047,2026-12-18
W-RF-03,W,RF,3,U5,女儿墙单元,1580,1180,0.0,20970.0,31810.0,270,0.000,1.489,0.000,0.000,18.088,12.063,3.191,1.489,63.1,798,2026-12-19,ST-139,TR-047,2026-12-18
W-RF-04,W,RF,4,U5,女儿墙单元,1580,1180,0.0,19370.0,31810.0,270,0.000,1.489,0.000,0.000,18.088,12.063,3.191,1.489,63.1,799,2026-12-19,ST-139,TR-047,2026-12-18
W-RF-05,W,RF,5,U5,女儿墙单元,1580,1180,0.0,17770.0,31810.0,270,0.000,1.489,0.000,0.000,18.088,12.063,3.191,1.489,63.1,800,2026-12-19,ST-139,TR-047,2026-12-18
W-RF-06,W,RF,6,U5,女儿墙单元,1580,1180,0.0,16170.0,31810.0,270,0.000,1.489,0.000,0.000,18.088,12.063,3.191,1.489,63.1,801,2026-12-19,ST-140,TR-047,2026-12-18
W-RF-07,W,RF,7,U5,女儿墙单元,1580,1180,0.0,14570.0,31810.0,270,0.000,1.489,0.000,0.000,18.088,12.063,3.191,1.489,63.1,802,2026-12-19,ST-140,TR-047,2026-12-18
W-RF-08,W,RF,8,U5,女儿墙单元,1580,1180,0.0,12970.0,31810.0,270,0.000,1.489,0.000,0.000,18.088,12.063,3.191,1.489,63.1,803,2026-12-19,ST-140,TR-047,2026-12-18
W-RF-09,W,RF,9,U5,女儿墙单元,1580,1180,0.0,11370.0,31810.0,270,0.000,1.489,0.000,0.000,18.088,12.063,3.191,1.489,63.1,804,2026-12-19,ST-140,TR-047,2026-12-18
W-RF-10,W,RF,10,U5,女儿墙单元,1580,1180,0.0,9770.0,31810.0,270,0.000,1.489,0.000,0.000,18.088,12.063,3.191,1.489,63.1,805,2026-12-19,ST-140,TR-047,2026-12-18
W-RF-11,W,RF,11,U5,女儿墙单元,1580,1180,0.0,8170.0,31810.0,270,0.000,1.489,0.000,0.000,18.088,12.063,3.191,1.489,63.1,806,2026-12-19,ST-140,TR-047,2026-12-18
W-RF-12,W,RF,12,U5,女儿墙单元,1580,1180,0.0,6570.0,31810.0,270,0.000,1.489,0.000,0.000,18.088,12.063,3.191,1.489,63.1,807,2026-12-19,ST-140,TR-047,2026-12-18
W-RF-13,W,RF,13,U5,女儿墙单元,1580,1180,0.0,4970.0,31810.0,270,0.000,1.489,0.000,0.000,18.088,12.063,3.191,1.489,63.1,808,2026-12-19,ST-140,TR-047,2026-12-18
W-RF-14,W,RF,14,U5,女儿墙单元,1580,1180,0.0,3370.0,31810.0,270,0.000,1.489,0.000,0.000,18.088,12.063,3.191,1.489,63.1,809,2026-12-19,ST-140,TR-047,2026-12-18
W-RF-15,W,RF,15,U5,女儿墙单元,1580,1180,0.0,1770.0,31810.0,270,0.000,1.489,0.000,0.000,18.088,12.063,3.191,1.489,63.1,810,2026-12-19,ST-140,TR-047,2026-12-18
